id,post,post_len
7313968725760614401,I’m happy to share that I started a new position as Material Control Engineer & Data Analyst at Etisal for Advanced Industries (Xiaomi Factory in Egypt) 3 months ago. I'm really glad to be a founding part in this huge transformation Egypt is encountring by localizing tech-industries and opening massive job opportunities and potentiality for exporting hashtag#Made_in_Egypt goods for the whole world.,401
7337427699226796032,"I'm happy to share that I have just completed the online Supply Chain Logistics course authorized by Rutgers University (The State University of New Jersey) and offered through Coursera.
This course is the first out of 5 courses in the Supply Chain Management bundle.
The main concepts covered by the course:
1- Motor Freight.
2- Air Freight.
3- Intermodal & Express Delivery.
4- Warehousing Management.
5- Inventory Management.
6- Logistics Network.
I am really glad that I have the chance to learn and apply what I'm learning through my daily tasks in a company that will be the biggest in the Middle East very soon (isa).",624
7341523871906304001,"Glad, grateful & proud.",23
7353850530076487680,"7 months ago I lost a salary negotiation to a 9-years younger than me girl. I was never angry or even sad, I'm a chess player and I always respect good moves, and she was impressive.
Thanks Amira Adel for trusting me when I was shifting my career and for your continuous encouragement along the previous period.
I'm really sorry to say goodbye to you.
I'll always remember you walking through the corridors spreading joy, hope and loyalty.
I wish you all the best and I really believe that your talent, spirit and professionalism will lead you to the sky.
You will always be missed.
Goodbye.",591
7404326067731345409,Certificate of Achievement,26
7408132620871643136,يوسف دور على شغل لمدة ٢٠ يوم بحالهم وبعدين زهق فقرر يمنشن البنوك يقولهم ايه رجالة انتو مش واخدين بالكو أني خلصت جيش ولا إيه,123
7410731576944230400,"2 hours exam & 20 hours videos and coding practice leading to 16 NASBA CPEs.
That was really intense,
I have been playing with python since 12 years and I have used python a lot after graduating from Udacity's Advanced Data Analysis program but this was different. At Udacity we learned how to use python for data science focusing on numpy, pandas and matplotlib in addition to the basics that anyone knows (conditionals, loops, functions, ..etc). But in 365 Data Science the Python Programming Bootcamp was a Python for Python.

The amazing instructor (Giles McMullen-Klein) not only covered the basics that a data scientist will need, but also he dived deeper in python as a programming language and how a programming language communicates with the processor and other computer resources. In a world where data centers are the main electricity consumers with 4% (9% anticipated in 2030) of the total USA electric power and 500 TWh per year globally there is no place for messy code that would iterate for no reason or to use recursion when you don't need to. With the increasing demand on cloud computing every day, companies must have efficient code working in order to be able to make profits and avoid spending tons of money on resources because of some redundant code.

In this fascinating course and besides python basics, we were heavily introduced to different important IDEs besides the beloved Jupyter Noteboks such as Spyder, VS Code an Pycharm, Object Oriented Programming, String Expressions, Recursion, Classes, Inheritance, Algorithms, Big O Notation to test the Algorithm performance, a lot on Numpy Arrays and Matplotlib to simulate and visualize real life scenarios, Search and Sort Algorithms (and that was really hard), Debugging, Virtual Environments (Using both Conda and Python), a lot on the Terminal and Command line to moderate Cloud Linux Servers and finally an introduction to Image Processing.

I strongly suggest 365 Data Science for anyone who wants to deepen his knowledge and step-up in his career as a Data Engineer, Data Analyst, Data Scientist or ML Engineer especially in hashtag#Egypt that's full with superficial unstructured uncredited courses in this field.
hashtag#lear365",2215
7411421710731636737,"في 2014 كنت بنظم الـ Fun day لدفعتي في نادي المهندسين، في وسط اللعب والفرحة والهيصة كنت بدخل حاجة من عالبوابة فلقيت طفل 3 أو 4 سنين بيدني ربع جنيه وبيقوللي ""عمو ينفع أدخل ألعب؟"" بغض النظر عن عمو اللي صعقتني يومها بس ساعتها أنا خدت الولد وبوسته وقولتله لا يا حبيبي ده ببلاش تعالى العب واديتله مسدس ألوان وفضل يلعب بيه وكان فرحان
النادي جنب بيتي على طول
نسيت الموضوع ونسيت الـ Fun day ونسيت الكلية واتسحلت في سوق العمل ما قبل لينكد إن أيام ما كنا بندور على شغل في الوسيط وأهرام الجمعة وجروبات الفيسبوك وبننزل القاهرة نمشي ونسأل الناس في الشارع ""هو مفيش شركة هنا؟""، بعدها بسنتين كنت نازل اشتري حاجة من جنب البيت لقيته معدي من جنبي وبيبصلي أوي وبيقوللي ""أنا فاكرك""، بس، ""أنا فاكرك""، ومشي، وماشوفتوش تاني لا قبلها ولا بعدها

من كام يوم نزلت قعدت عالقهوة وانا بحب أشغل Peace Cake في أي وقت أكون مبسوط فيه أو متضايق فيه أو أي وقت عموماً، المهم كنت مشغل حلقة من إتقدم وبتفرج عليها فالقهوجي لقاني فاتح داتا قاللي ""باسوورد الواي فاي 8 خمسات""، عم إبراهيم أو أبو شمس رجل خمسيني وهو بيجيبلي الطلبات بس علشان فرق السن بتحرج جداً اديله تيبس، كل اللي بيني وبينه إحترام لسنه ولطف في التعامل وتسلم إيدك وربنا يكرمك وانت فين واحشني، بس

هل لو تبسطت مع القهوجي ممكن يبقى قليل الذوق معاك ويشوف نفسه عليك؟ اه، ممكن، حصلت في قهاوي تانية
هل الحل أننا نبطل نعامل الناس بلطف؟
هي الإجابة هنا هتعتمد على أنت بتعمل ده ليه، لو انت بتعمله علشان عايز الناس تعاملك بلطف، tit for tat، ده نهج مش وحش، مش الأفضل، بس مش وحش، ده حقك ماحدش يقدر يناقشك فيه
لكن لو بتعمل كده علشان انت كده، لو بتعمل كده علشان عايز تبقى كده، ده الخلق اللي انت عايز تبقى عليه، فرد الفعل مش هيفرق معاك في حاجة، انت بتعمل الخير علشان هو خير، بتعمل الصح علشان هو صح، بتعمل الحق للحق، في ذاته

حتى لو رد الفعل كان جحود ونكران زي ما Ahmed Magdy عمل معايا بعد ما خدته جونيور مايعرفش فين زرار الـ tab في الكيبورد وعلمته وفهمته وشربته الشغلانة وخليته بني آدم وأول ما تعبت يومين خد مكاني ورماني برا الشركة وفي الآخر بيعمل فيها صاحبي وبييجي يقعد معايا عالقهوة وبيطلب من أبو شمس وبيحاسبلي قال يعني كده هو بيكفر عن اللي عمله 

بحبك ياسطا لسه ماتقلقش بس بعد كده ابقى اعزمني عالغدا Ahmed Magdy",2019
7411800282977943553,"365 Data Science
hashtag#learn365",33
7411819305375297536,"And to wrap up this wonderful year and this amazing month at 365 Data Science, I am truly grateful that for the first time in my life I was able to deeply understand what vector & matrix operations are and most importantly, what they mean and why we need them. After 5 years at the Faculty of Engineering and many years as an engineer, I have never understood why we multiply the first row by the first column for the dot product and who the hell invented that mess but thank God and thanks to the great instructor Iliya Valchanov I finally mastered the concept and the use of it. Iliya designed a crucial fundamental course on linear algebra and opened that gate for millions to catch up with the AI revolution and to contribute to changing the world for the better and forever.

365 Data Science: I have encountered a lot of platforms and learning resources but I really don't have enough words to describe how you changed my whole life. You are not a platform, you are shaping the future.
hashtag#learn365",1008
7412203058622951424,"I'm truly grateful for this year that has topped 2022 to become the best year of my life.
This year was full of wonderful moments and some disappointments that turned out to be -as usual- blessings and opportunities.
I started the year working for Xiaomi Egypt with the best team in the world Ayman Taha Ahmed Magdy doing our best every single day to meet supply with demand, fixing production line issues and facilitating the whole manufacturing process to contribute to our country's evolution and the hashtag#madeinegypt noble cause with all of our hearts.
In December, the best month of the year, and after 3 years of waiting due to personal circumstances, I was finally able to becoming a member in the amazing 365 Data Science that captured my heart, soul and mind. I can imagine myself 10 years from now logging into the website everyday and Inhaling their piece-of-art courses.
May 2026 be the best year for all of you.
Happy new year ✨✨✨",946
7414425671709622272,"مش عارف ليه لسه بشوف بوستات عن الفرق بين الـ Data Engineer والـ Data Analyst والـ Business Analyst والـ Data Scientist والـ Machine Learning Engineer، احنا في مصر مش متأخرين احنا خارج الزمن
فتح كلام كده الـ Dashboards ماعادتش من وظيفة الـ Data Analyst لأنه ماعادش فاضي، الـ Dashboards والـ Descriptive Statistics عموماً بقت مهارة أساسية لكل موظف في أي قطاع من أمين المخزن لرئيس القسم، طبعاً احنا في مصر وفي 2026 ولسه الموظفين بتنبهر بالـ VLOOKUP بتاعت الـ Excel وبتعاني مع الـ Functions والـ Conditions بس معلش يا حبيبي يا تتعلم يا تركن على جنب وتسيب غيرك يشتغل علشان كل ساعة حضرتك بتتأخرها في الريبورت بتأخرنا كلنا سنة واتنين في عالم التغير فيه بيحصل كل الثانية، الدول اللي حواليك بتصرف مليارات وبتجيب أعظم كفاءات في العالم علشان تـ Automate كل الـ Processes وتخللي الـ AI Agents يشتغلو في كل القطاعات وانت لسه مستني تخلص فطار علشان تقوم تدور عالنت هتعمل SUMIF ازاي وهتلون السطر ده أحمر ولا أخضر
الفروقات التقليدية دي كانت من سنتين، ممكن من سنة كانت لسه بتنازع، بس دلوقتي الدنيا اتغيرت تماماً والـ Overlap بين الـ Positions بقى أكبر من أنها تتقسم التقسيمة دي أصلاً
الـ Data Architect والـ Data Engineer والـ Data Analyst لازم يقعدو كل يوم مع بعض إن ماكانش في أوضة واحدة، الـ Data Analyst لازم يكون فاهم كويس جداً جداً جداً Data Architecture وData Engineering لأنه حلقة الوصل الوحيدة بين الـ AI Product وبين رجالة الـ Infrastructure والـ Data Feeders، لازم يكون فاهم فيهم لدرجة أنه يقدر يقوم بدور أي حد منهم لو غاب، الـ Infrastructure ممكن تعملك أعظم Database في الدنيا بس ماتكونش هي دي اللي انت محتاجها، لازم تقعد على إيده وتعملها معاه، ده مش أوبشن
الـ Inferential Statistics كان بيتشاف انه Advanced Analytics والـ Data Scientist بيقوم بيه، مفيش الكلام ده، الـ Data Scientist ماعادش فاضيلك، أنت كـ Data Analyst هتجمع الداتا وهتنضفها وهتفهمها وهتعمل EDA وتدور عالـ Patterns وتعمل Advanced Analytics وكمان تجرب ML Models بناءً على طبيعة الداتا اللي قدامك وتطلع ريبورت لطيف للـ Data Scientist بترشحله فيه أنسب Model بيعبر عن الداتا بتاعتك
الـ Data Scientist هياخد الريبورت يقراه الصبح ويشوف ترشيحك منطقي ولا لأ ويجرب الـ Models ويختار واحد ويدربه ويعمله Adjustments لحد ما يبقى 100 فل و14 وبعدين يباصيه للـ ML Engineer
الـ ML Engineer هيـ Deploy الـ Model كـ Integrated Code في الـ Product ويقعد يلم وراه غلطاته ويصلح الـ Bugs اللي هو سبب فيها
خلصنا؟
لأ لسه
الـ Data Analyst هيرجع يعمل Testing للـ Product ويقيمه ويديله Rating والـ Superiors هيشوفو يكملو بالـ Product ده زي ما هو ولا يرمو الكلام ده ويبدأو من أول وجديد

تعمل إيه؟
اتعلم
اتعلم
اتعلم
طور من نفسك
ماتقفش مكانك
لو وقفت مكانك 10 دقايق هتبقى برا للأبد
أنت Data Analyst بمفهومه القديم بتعمل داشبوردز لطيفة وكيوت ومليانه ألوان، برافو، لو فضلت على كده هتبقى موظف عادي خلال سنة وهيتم الاستغناء عنك بمسدج عالواتس
اتعلم Database وSQL، اتعلم Inferential Statistics و Hypothesis Tests، اتعلم Probability لأن الـ Statistics هتجاوبلك عاللي حصل وده ماعادش كفاية وبقى 
Integrated في أي سيستم شركة أصلاً وأي AI عبيط هيعمله بربع مرتبك، الشركات عايزه تجاوب عاللي هيحصل مش اللي حصل، هنا الـ Probability بتحول الـ Statistics لتوقعات للمستقبل
اتعلم",2988
7414714866026049536,"Another course with Iliya Valchanov which means understanding a lot of very complicated concepts in the smoothest way in history. I'm really glad that you are the instructor of the most crucial course in my life.
365 Data Science hashtag#learn365",246
7415090977167810561,"I graduated from a 3-tracks - from fundamentals to advanced - data analysis program 3 years ago from a well-known high quality platform and I thought that it's ok I know SQL, I know how to write a readable query, aggregations, CASE statements, JOINS and even sub-queries which is considered to be an advanced topic. I thought that I'll finish this course in 2 days, earn the certificate and move on to the next course in the Data Science career track, but this wasn't the case at all.

This time the SQL course with 365 Data Science was totally different. Thanks to Martin Ganchev who designed a very extensive project-based course to fill the gap between data engineering and data science covering the whole database journey from creation to optimization.

🔹 Database Architecture: Relational schemas and SQL theory.
🔹 DDL (Data Definition Language): Mastering creation, ALTERing structures, and handling CONSTRAINTs (Primary/Foreign keys, Unique, Auto-increment, etc.).
🔹 DML (Data Manipulation Language): Deep dive into complex SELECT statements, Filtering (WHERE/HAVING), JOINs, Subqueries and data operations (INSERT, UPDATE, DELETE).
🔹 Advanced Tools: Stored Procedures, User-Defined Functions, TRIGGERs, and INDEXes.

And then ended this wonderful comprehensive journey with 110 mins exhausting exam to make sure that you really deserve the credits.

Huge thanks to Martin & 365 Data Science team for providing us with such high-quality courses with very reasonable prices that made it possible for Africans to learn and improve their skills with only a laptop and an internet connection.

hashtag#learn365",1613
7415771528694390784,"Hi, say hello to my very first Visual Classification using Linear Regression

Code:
import numpy as np
import pandas as pd
import statsmodels.api as sm
import matplotlib.pyplot as plt
import seaborn as sns
sns.set()

df = pd.read_csv('data.csv')
df.rename(columns= lambda x:x.lower(), inplace=True)

# creating dummy variables for the attendance col
df.attendance = df.attendance.map({'Yes':1, 'No':0})

# defining dependent & independent variables
y = df.gpa
x_1 = df[['sat', 'attendance']]

# adding constant of 1 (x-0)
x = sm.add_constant(x_1)

# fitting an ordinary least squares linear regression model
results = sm.OLS(y, x).fit()

# printing results
results.summary()

hashtag

hashtag#creating predicted columns
df['yhat_yes'] = 0.6439 + 0.0014 * df.sat + 0.2226
df['yhat_no'] = 0.6439 + 0.0014 * df.sat

# plotting a classification visualization
plt.title('Effect of SAT Score and Attendance on GPA')
plt.scatter(df.sat, df.gpa, c=df.attendance, cmap='RdYlGn')
plt.plot(df.sat, df.yhat_yes, color='green', label = 'Attended +70%')
plt.plot(df.sat, df.yhat_no, color='red', label = 'Less than 70%')
plt.xlabel('SAT Score')
plt.ylabel('GPA')
plt.savefig('my_cool_graph.png', dpi=300, bbox_inches='tight')
plt.legend()",1224
7416166185102290944,"أثر الفراشة لا يزول

النهارده أختي كانت بتكلمني وهي محبطة جداً أن هي الوحيدة اللي بيحاولو يطورو في واحدة من مديريات الصحة وبتشتغل 7 أيام في الأسبوع وخايفة لو اتنقلت مكان تاني مجهودها يروح والسيستم اللي اجتهدت علشان تطوره يرجع يبطأ تاني.

لما دخلت شاومي في أواخر 2024 كانو طالبين 2 لنفس الـ position بالإضافة لمهندسة كانت في نفس المكان فكان المفروض الـ position يكون فيه 3، بعد شهر واحد مننا اتنقل لتعويض position تاني، بعدها بكام شهر المهندسة كمان اضطرت تسيب الشغل، الـ position ماعادش فاضل فيه غيري وكمان الشغل اتضاعف بسبب زيادة الأهداف الانتاجية.

لما اتعينت ماكانش عندي أي فكرة عن الـ material planning، أنا بس data analyst شاطر وده جزء كبير من الوظيفة، بشمهندسة نورهان قعدت معايا وفهمتني كل حاجة وفي خلال شهر كنت data analyst وmaterial planner لشركة وطنية بتساهم حقيقي في الاقتصاد المصري.

بشمهندسة نورهان لما دخلت الشركة قبلنا بسنة بعد انتقال ملكية الشركة ووجود نظام جديد ساعتها ماكانش أصلاً في حاجة اسمها material planning، قضت شهور ما بين الأقسام علشان تعرف تعمل system، هي حرفياً خلقت قسم الـ material planning.
مجهودها المضاعف ومحاولاتها في أنها تقوم القسم ماكانش سايبلها وقت تطور السيستم وتسهل العملية نفسها.

لما دخلت الشركة وبعد ما هي علمتني وفهمتني وعملتني بني آدم ربنا قدرني أستخدم مهاراتي في الـ data gathering والـ data manipulation والـ data modeling في أني أسهل الـ process واقصر الوقت والجهد المطلوبين لأداء نفس المهام، فبدل ما كنا بنحتاج 5 ساعات علشان نطلع report واحد لقسم الموبايل لوحده بقينا بنحتاج ساعتين علشان نطلع تقارير الموبايل والـ TV واتبقالنا 6 ساعات عمل نـ react بناءً عالتقارير.

لما مشيت من الشركة الـ position ماكانش محتاج 3، كان محتاج 1 بس، يعني توفير في الـ G&A Expenses حوالي نص مليون جنيه في السنة، ده توفير نفقات للشركة هيتم استخدامه في استثمارات هتعود بالنفع عالاقتصاد كله، ده أثر الفراشة، بدأ من بشمهندسة نورهان وعدى عليا وكمل عاللي بعدي اللي هيطور واللي بعده اللي هيطور لحد يوم القيامة.

مفيش حاجة اسمها مجهودك هيروح، دي مش حقيقة، كل تطوير في أي تفصيلة مهما كانت صغيرة بيعيش وبيتبتني عليه وده اللي بيكون شخصية المؤسسة.

ده اللي خلى جوجل ما تتهزش من انتقادات 3 سنين متواصلة لنماذج Gemini وأن نماذج الشركات الجديدة زي Chatgpt وغيرها خلاص انتصرت وغيرت قواعد اللعبة واعتماد الناس على الـ search engine انتهى واعتمادهم الجاي هيبقى على Chatgpt مش على محرك البحث يعني سلاح جوجل الوحيد (بيانات العملا) ماعادش في ايديها وأن جوجل خلاص انتهت.

هنا بييجي دور الشخصية اللي اتكونت على مدار ربع قرن مقابل شخصية Open-AI حديثة الولادة، الشخصية اللي اتبنت بتطوير ثم تطوير ثم تطوير، جوجل صبرت ووثقت في نفسها، بعد 3 سنين نزلت Gemini 3 وخلته integrated في كل خدمات جوجل بالإضافة للميزة الاحتكارية اللي عندهم وهي تعامل الموديل مع قواعد بيانات جوجل مباشرة مش مجرد api للـ search engine، جوجل رجعت Open-AI لمكانها الطبيعي بس بشخصية البطل.

وده اللي حصل امبارح، كوتديفوار حاملة اللقب، قيمة لاعيبتهم التسويقية قد قيمة لاعبيتنا 3 مرات، فريق كلخ محترفين في أحسن فرق أوروبا مقابل 2 محترفين وربع، بس بردو كانو خايفين وعاملين حساب لمنتخب مصر بس علشان شخصية المنتخب اللي اتخلقت وقت حسن شحاته وكسب 3 بطولات متتالية ودي حاجة شبه مستحيل تتكرر.

أثر الفراشة لا يرى
بس
أثر الفراشة لا يزول",2994
7416524056239374336,"Hi,
Many LLMs companies like Mistral AI offer the ""Weights"" of their trained models for free on the internet, you can download them and use them to build you own apps on top of them.
24 hours ago I was like, ok, good for them, I don't know what ""Weights"" are but it seems like something very sophisticated that only Einstein-level of intelligence could capture it. But, Buuuut, 5 minutes ago at 365 Data Science Machine Learning in Python course I discovered that Model ""Weights"" only means the coefficients of the related features.
If our predicting equation is y_hat = b0 + b1*x1 the companies will offer you the intercept (bias) b0 and the weight of x1 >> b1.
That simple.
I studied that in primary school, my dad -who was my math teacher too- just called them coefficients. 
I'm really starting to believe that silicon valley guys intend to call things with different names to confuse beginners and persuade customers that they are doing some magical thing to offer them their apps.",986
7416612268756336642,"Hi,
With only 5 lines of code of hashtag#python written in less than 10 seconds I was able to plot the distribution of the data for 12 numeric features in the Airbnb dataset, specifying a title for each figure, getting intuition about the data, detecting outliers in the RealSum column (Price), knowing the shape of each feature's distribution and how skewed it is and specifying a title for each figure without needing to write it.

This all happened in less than 1 minute.

Can you please tell me how many hours will you need to do this in excel that you suggest that it's an efficient data analysis tool? And more importantly, where would you put these figures? A new messy sheet or will you just stick with the existing sheet to make it messier?

You are really joking guys when you compare excel with python or even for considering excel for data analysis when dealing with real world datasets.

The 5 lines Code:
for column in df.columns:
 if df[column].dtype == float:
 plt.figure()
 df[column].hist()
 plt.title(column.title().replace('_', ' '))",1053
7419451425732124672,مفيش حاجة صعبة، ال machine learning قايم أساساً على حساب ال Euclidean Distance بين نقط في الفراغ، اللي هو مثلث إقليدس اللي أنت هارسه من ٣ إعدادي عادي جداً هما بس بيدلعوه مش أكتر,177
7419747990808186880,"I used to be terrified of Machine Learning, thinking it was reserved for Einstein-level geniuses. Today, I’m happy to say that fear is gone.

After 8+ hours with Iliya Valchanov who makes everything simple and very easy to grasp, Iliya made all my fears go away and turned me from a data analyst to a data scientist who understands every little detail about his data.

I strongly recommend this course for anyone who's seeking to understand Machine Learning rather than using tools and libraries without knowing what's really happening under the hood.

Thanks 365 Data Science and huge thanks to Iliya who both made my life so much better (with a statistical evidence).

hashtag#DataScience hashtag#MachineLearning hashtag#Python hashtag#learn365",746
7420167474341560320,"Good evening dears,
I'm happy to share my latest Data Science project: Used Cars Price Prediction, an end-to-end linear regression analysis for used cars prices and predicting car prices depending on brand, body type, mileage, engine displacement and engine type (fuel type).
This project strictly followed the process flow offered by 365 Data Science regarding linear regression analysis, so you can use it as a trusted guide for your linear regression analysis.
Below are some picks of the project, you can view the full project repository on github from here: https://bit.ly/CarPrice-ML

Happy Weekend 🌲
hashtag#DataScience hashtag#MachineLearning hashtag#Python hashtag#learn365",682
7420503427778084864,"وانا صغير حوالي ٥-٦ سنين كده والدتي جابتلي كتاب تعليم الشطرنج للأطفال، جربت ألعب فخسرت، وانا في ابتدائي جربت ألعب تاني فخسرت بردو، وانا في إعدادي جربت ألعب وخسرت، بعدها فقدت الأمل وقولت خلاص مش بتاعتي مش نافعة.
لحد ما قابلت عم طارق ولعبت معاه ماتش، عم طارق كان مع كل لعبة يشرحلي هو لعبها ليه، ومع كل لعبة غلط ليا يقوللي لأ رجعها دي كانت أحسن.
بعد أكتر من ٢٥ سنة من يقيني أني مش بعرف ألعب شطرنج اكتشفت أن القصة كلها أني بس كنت ببدأ غلط، بفتح بعساكر غلط في أول الجيم فنص الملعب بيروح مني، وبعدين اكتشفت أن اللعبة حقيقي سهلة جداً، ١+١=٢ مش معجزة هي، وبعدين خدت بالي أني ضيعت ٢٥ سنة من حياتي خايف، ٢٥ سنة من حياتي ماعنديش ثقة في نفسي في لعبة أنا فيها أعلى من المتوسط بشوية حلوين، ٢٥ سنة عشان بس ماكنتش عارف أطلع بالعساكر ازاي أول الجيم.
النهارده أنا كملت ٥١٢ يوم متتالي من لعب الشطرنج وأكتر من ١١٠٠٠ ماتش سنة ونص بس.
مفيش حاجة صعبة، اللي انت فاكره صعب والله ما صعب، القصة كلها أن في حتة صغيرة قد كده ماتشرحتلكش كويس فحسيتها معقدة وقفلت الكتاب ورميته وماكملتش طريقك.
ماتخافش
ماتضيعش عمرك عالفاضي أرجوك ماتخافش",1004
7422702517404188672,"مساء الخير،
أنا عارف والله أنك محتاج شغل في أقرب وقت وان فلوسك بتخلص وعليك التزامات وحاسس أن الدنيا ضلمة ومفيش فرص، بس أرجوك، أرجوك، بلاش تكتب كومنت بالإيميل بتاعك على البوستات العبيطة بتاعت ""We are hiring, like this post and comment with your email and I'll contact you""، علشان خاطري بلاش، سايق عليك النبي

يعني بالعقل كده، أنت لو HR وعندك وظيفة بجد، أنهي أسهل، تكتب ايميلك والناس تبعتلك عليه ولا 500 واحد يكتبو كومنتات بإيميلاتهم وانت تخش تبعتلهم واحد واحد
دول نصابين يا حبايب قلبي، ومن أقذر أنواع النصابين لأنهم بيتاجرو بآمال الناس وأحلامهم واحتياجاتهم علشان شوية ريتش، أرجوك بلاش تساعدهم في ده.

الحاجة الوحيدة اللي بتضمنلك الشغل هي السعي، الوظايف موجودة في الـ Jobs tab وعلى Wuzzuf.net بتحتاج شوية مجهود بس مش أكتر، ساعة في اليوم هتقدم فيها على 10 وظايف ويمكن أكتر، كل 100 أبلكيشن هيجيلك انترفيو، كام شهر وهتشتغل الشغلانة اللي نفسك فيها، شوية صبر وسعي بس.

وماتخافش، الرزق مضمون بقضاء إلهي منذ الأزل:
""يابن آدم، لا تسألني عن رزق غد، كما لم أسألك عن عمل غد"" حديث قدسي
""اجتهادك فيما ضمن لك (الرزق)، وتقصيرك فيما طلب منك (العمل) دليلٌ على انطماس البصيرة"" ابن عطاء الله السكندري",1079
7424179002111770624,"سوق الـ Data Science في مصر عامل زي أسعار الدهب اليومين دول بالظبط، اللي بيضارب وجاي يجرب يومين واتعلمله معادلتين إسكيل وعمل داشبورد فرح العمدة اللي كلها ألوان دي وجاي علشان ياخد المرتبات اللي بيسمع عنها هيخسر وهيحبط وهيرجع يشتغل مهندس رمل وزلط تاني، لكن الـ Analyst الحقيقي اللي عارف أن y = x^2 وان دي Global Minimum وأنه كل ما استثمر في نفسه وزود الـ Learning Rate كل ما كان عبورة من الـ Global Minimum والتحاقه بالـ Right Side of the Curve كان أسرع وعارف كويس أن الـ Traditional Methods ذهبت بلا رجعة وأن أوليجاركية الـ AI جاية جاية وأن التصاعد بعد الـ Bottom هيكون X^2 مش X ومش X + C
وكذلك الدهب",599
7424539926031118336,"حقيقي مابحبش القولبة والتعميم بس أظن بنات كتير جداً هتحب الـ Business Analysis وهتبدع فيه، البنات شاطرين في النظري وهيستوعبو الـ Business Context والـ Terminologies والـ KPIs بسرعة + الجانب الفني هيعملو Dashboards جميلة ومريحة للعين وكلها ستيكرز وحركات.
والأهم بقى، الأهم، أنها شغلانة سهل جداً تتعمل من البيت عادي، وتتعمل بكفاءة كبيرة كمان، الـ 5 سنين اللي الطفل محتاج لأمه فيهم مش هيكونو عائق في الـ Career Growth.
إنما انت عيب عليك تبقى شحط كده وقاعد تلونلي في الداشبورد، قوم يا صاحبي اتعلملك SQL ولا Python وانزل اتخانق مع الداتا واعملك موديل ولا اتنين يوفرو فلوس للعالم العجيب اللي احنا عايشين فيه ده.",605
7424541697453436928,ماسمهاش Data Analytics، طول ما انت بتوصل اللي حصل بالـ Historical Data إسمها Data Analysis عادي جداً، بنقول Analytics لما بنبدأ نتنبأ بالمستقبل سيكا، هما حطو الـ term ده أصلاً علشان يزودو تاسكاية الـ Hypothesis Testing للـ Data Analysis ويشيلوها من على الـ Data Scientist، دي حاجة حلوة علشان مايبقاش كل واحد شغال في جزيرة لوحدة وعلشان الأدوار تتربط ببعضها وعلشان كـ Data Analyst تشوف جزء من المستقبل ولو حبيت تطور نفسك وتبقى Data Scientist، فـ الـ term ده بقى شبه محصور على الـ Hypothesis Testing، لما تعمل Hypothesis Testing قول براحتك Data Analytics لكن بنوصل اللي حصل؟ بنحلله؟ بنشوف Patterns؟ بنرسمه على Graphs؟ بنعمل Dashboards؟ اسمها Data Analysis عادي جداً,662
7426153461169184768,"واحنا في ثانوية عامة (سنة 2008 أنا آسف عارف أن ده من قرن بس هنعمل ايه) كنت بروح درس فيزيا عند مدرس إسمه يوسف، أستاذ يوسف ده كان سلفي لطيف ولكن، ولكن، أستاذ يوسف كان عنده جملة شهيرة جداً بيحاول يلخص بيها رحلته الفكرية وكان بيصر يقولها في معظم حصص المراجعة: الدرجة مكتوبة، يقيناً لن تتغير، ما عليك هو السعي
طب ما انا هسعى ليه ياسطا بس ما هي مكتوبة ويقيناً لن تتغير بس ماشي هنسعى انتو كبار وأكيد فاهمين أكتر مننا.
لما كبرت شوية، سنة 2013، ربنا رزقني بمكان بيدرس منطق وفلسفة قضيت فيه أجمل فترات حياتي، ساعتها عرفت أن أستاذ يوسف كان بيشتغلنا وأن الدرجة مش مكتوبة ولا حاجة الدرجة معلومة عند الله وإن كتبت فهي مكتوبة من باب العلم مش من باب القهر، يعني ربنا عارف انك هتجيب 47.5 من 50 لكنه ما أثرش في أنك تجيب الـ 47.5 من 50، هو بس عارف
في ظروف قدرية كتير زي البيئة والمجتمع والتربية والحالة النفسية وغيرهم بس كل دول مؤثرات تالية من حيث المرتبة، التأثير الأول هو اللي في إيدك، المذاكرة، السعي

يعني ايه تأثير أول وتأثير تاني في المرتبة
يعني التأثير التاني (والتالت والرابع والخامس) دول ممكن يحصلو أو مايحصلوش بس لو التأثير الأول حصل، لكن لو التأثير الأول ماحصلش هما معدومين يستحيل يحصلو/مايحصلوش

يعني لو ماسعيتش خالص، ماذاكرتش خالص، كده كده آخرك هتجيب 7 من 50 (4 أسئلة غاششهم و3 MCQ لما تعمل كله صح صح صح) لكن احتمال أنك تجيب 50/50 لو مفيش غش هو 0 إن شاء الله

طيب لو سعيت؟ لو ذاكرت؟
كده انت بقى عندك احتمال كبير تجيب 50/50، ده كده المؤثر الأول، السعي، وهنا بتتفعل التأثيرات التالية (مش قصدي تفعيل البوابات النجمية والله بس ده موضوع نشوفه مع أميرة المغربي بعدين)
التأثيرات التالية أو العوامل التالية)، حالتك النفسية، حالة الطقس، المكروباص اللي هيتأخر بيك أو هيوصل في معاده، وفاة حد من قرايبك وتدخل الامتحان مش شايف، تفركش قبل الامتحان بـ 5 دقايق فتلاقي نفسك حر طليق فتتبسط وتحل حلو

كل دي تأثيرات قدرية، بتأثر في الدرجة اه، بس بتأثر ازاي؟

أولاً، من غير المذاكرة، من غير السعي، أنت ماعندكش أي فرصة (إحصائياً) بأنك تجيب الدرجة النهائية، أو أنك توصل للنتيجة اللي انت عايزها يعني

ثانياً، سعيت، اجتهدت، عملت اللي عليا، بس...

بس الـ HR ماتصلش، بس روحت متأخر عالانترفيو بسبب الزحمة، بس عينو بنت خالة مدير الحسابات

دي كلها تأثيرات قدرية، والقدر نابع من الإله، والإله غني/عليم/عادل/رحيم

واحنا صغيرين لما كان بيحصل خلاف بيننا وبين بعض كنا بنوقف واحد أكبر مننا عشوائي في الشارع ونحكمه، لمجرد أنه مايعرفش حد فينا فاحنا عرفنا أن حكمه عادل، ولمجرد أنه أكبر مننا فاحنا عرفنا أنه يعرف الإجابة

ربنا:
عليم، ودي إثباتها عبيط انت عندك علم والعلم ده مش من نفسك يبقى من كيان أكبر منك، انت اللي علمك الاستاذ والاستاذ اللي علمه دكتور الجامعة ودكتور الجامعة اللي علمه دكتور روسي والدكتور الروسي اللي علمه نيوتن ونيوتن ماجابش علمه من ذاته وإلا كان بقى عالم في كل حاجة ففي كيان أعلم منه هو اللي كشفله العلم وهو ربنا

غني، مش محتاجلك، ومش محتاجلي، مش محتاج لحد، مفيش بينه وبينك حاجة علشان يظلمك.

وبالتالي فـ أنه يأثر في النتيجة (بعد ما تكون سعيت) بيكون دايماً لمصلحتك، مش هقولك عن تجربه شخصية وإن كان عندي تجربة شخصية تقنع أي حد بأي حاجة، ولكن، بالبرهان العقلي، قدر ربنا خير ورحمة وعدل

فـ في النهاية يعني سعيت ممكن توصل وممكن ربنا يوصلك لحاجة فيه خير أكبر مفيش خيار تالت، ماسعيتش ماتقرفناش",2961
7426169034179547136,"حبيبي، بابا، الـ Data Analysis موجودة من الخمسينات كجزء من الـ Statistics، مافيهاش حاجة جديدة، بقت مهمة دلوقتي لأن الكمبيوتر بقى يقدر يطبقها على كميات داتا ضخمة، فالـ tools دي، سواء Python, Excel, Powerbi, SQL جن ازرق ده كله معمول علشان يخدم على الـ Descriptive Statistics، بتعرف تطلع معلومة إحصائية من الداتا إنشالله بورقة وقلم أنت كده أديت مهمتك، هتقعد بقى تعمللي داشبورد وتلونهالي أحمر واخضر واصفر زي إشارة المرور من غير ما نطلع بحاجة عدله فانت هتبقى Graphic Designer تحفة والله بس ده مش تحليل بيانات",503
7426360856558419968,This is my cartonic photo generated by gemini,45
7426526136442183680,"صباح الخير
اللي حصل في أسعار الدهب وأسعار الدولار الشهر اللي فات ده أكبر مثال على أول وأهم جملة في الـ Data Analysis

Correlation Doesn't Mean Causation

أسعار الدهب نزلت وفي نفس الوقت أسعار الدولار نزلت
هل نسنتنتج من ده أن أسعار الدهب بتتناسب طردياً مع أسعار الدولار؟ بيطلعو مع بعض وبينزلو مع بعض؟ الـ Charts بتقول كده

الحقيقة أننا لو خرجنا بالاستنتاج ده أي طالب في أولى اقتصاد هيضحك علينا، هيضحك جداً لدرجة ان هيروح عليه امتحان التيرم وهيعيد السنة وهو لسه بيضحك

في الاقتصاد، أسعار الدهب والدولار زي الضراير، ده يطلع ده ينزل ده ينزل ده يطلع، ليه؟

لما بتكون الفايدة على السندات الأمريكية كبيرة، 3% و4%، المستثمرين (أي حد معاه فلوس اسمه مستثمر مش حكر على الأستاذ نجيب سويرس هي)، المستثمرين يبيعو أصولهم، دهب بقى ولا عقارات ولا أسهم، ويطلعو جري عالمركزي الأمريكي يقولوله هات يا عم السندات اللي عندك عايزين نستثمر وناخد 4% ونريح دماغنا ونسافر يومين في الساحل الشمالي بتاع أمريكا

فيبيعو الدهب اللي معاهم، فـ المعروض منه يزيد في السوق، فسعره ينزل، وفي نفس الوقت الطلب على الدولار بيزيد، لأنهم هيشترو السندات دي بالدولار، فسعر الدولار يعلى، والعكس صحيح، لو الفايدة بتاعت المركزي قلت، بيرمو السندات وبيجرو يشترو أصول ومن أهمها الدهب، فسعر الدولار بينزل، وسعر الدهب بيعلى، ده أ ب اقتصاد

أومال إيه اللي حصل؟ الـ Chart بتكدب؟

الحقيقة أن الـ Chart مابتكدبش، بس دي 2D Chart، واحنا مش في عالم ثنائي الأبعاد، آخر حاجة ثنائية الأبعاد حلوة اتعملت كانت Tom & Jerry

احنا مش في عالم ثنائي الأبعاد، وعالم البيانات تحديداً صعب جداً جداً جداً تمثله بـ Chart ثنائي الأبعاد، بس هو يعني ايه بعد في عالم البيانات أصلاً؟

البعد يا سيدي هو الـ Parameter، أو الـ Factor، العامل اللي بيأثر على الحاجة اللي احنا بنقيسها

يعني لو عايز أقيس جودة البامية في كام عامل بيأثرو عليها؟ كمية الملح، حطيتلها مياه قد ايه، نسبة الصلصة، سيبتها عالنار قد ايه، مجمدة ولا طازة، لو مجمدة اسم الشركة ايه، ولو طازة جايه من أنهي بلد

طلعنا 6 عوامل ، 6 أبعاد لجودة البامية واحنا مابنعرفش نطبخ أصلاً، خلاص؟
لأ استنى، في عوامل مستخبية، البامية دي اتزرعت في الدلتا ولا في الصحرا، في الصيف ولا في الشتا، خدت مياه قد ايه، أورجانيك ولا مبيدات

العوامل المستخبية (Lurking Variables)
دي العوامل اللي انت مش شايفها، يمكن ماقدرتش تجمعلها داتا، ويمكن قصرت وماجمعتهاش

نسيب المطبخ ونرجع للدهب
الاقتصاديين قالو أن شركات السمسرة قفلت الرافعة المالية أو الـ Leverage على المضاربين، كان بيبقى المستثمر معاه 100 دولار ومسموحله يشتري دهب بـ 1000 دولار سلف ودين وربا مالناش دعوة، بعد ما الـ Leverage اتقفل المضاربين كانو سالفين بقد كده وماعهمش فلوس بس معاهم دهب فجريو باعو الدهب، ده واحد من عوامل كتير نزلت سعر الدهب (مؤقتاً)

طيب والدولار، أمريكا عليها فوق الـ 37 تريليون دولار ديون وعايزه تطرمخ عليهم، قاعدة تعمل قلق في العالم علشان تدي مبررات لتنزيل سعر الدولار، مرة حرب تجارية ومرة فنزويلا ومرة إيران، ركز انت في كل ده وانا هطبع فلوس واديها للمقرضين على أنها دولارات حلوة وبسمسم وابقى ضحكت عليهم واستلفت منهم 10 مليار دولار يجيبو 10 مليون آيفون ورجعتلهم 11 مليار بالفوايد بس يجيبو 8 مليون آيفون بس

بس يا سيدي، دي بقى الـ Lurking Variables اللي بتخللي الـ Correlation Doesn't Mean Causation خالص يعني",2940
7426882617699921921,"صباح الخير
من فترة كنت بدأت بروجيكت هدفه نـ Populate الـ Data Science (نشعبوللها يعني)، نبسط المفاهيم المعقدة لأن هي مش معقدة ولا حاجة هي بس شوية أسامي شكلها يخض من برا بس بسكوتة من جوه

البروجيكت كان على شكل مقالات في مدونة على Medium، المقالات بالإنجلش لأن المجال كله جاي من برا والمصطلحات كلها إنجلش (بس بردو لسه الـ Algorithm معمول على إسم محمد بن موسى الخوارزمي) ولأنك لما تقرا انجلش وتعرف المصطلحات ده هيشيل حاجز الخوف عندك وهيدخلك في المجال واحدة واحدة من غير ما تحس

ولكن، ومش بناءً على طلب الجماهير علشان ماحدش كان بيقرا المقالات أصلاً، ولأن جيل Z كبرو وانتشرو وبقو موجودين حوالينا في كل حتة، وبردو لأن ناس كتير (أنا منهم) بيحبو الفيديوهات أكتر من القراءة، قولت أعمل المقالات على شكل فيديوهات بالعربي عادي باستخدام notebooklm القمر ربنا يخليهولنا ويخليه في ميزان حسنات جوجل يا رب، واللي عايز كده موجود واللي عايز كده موجود

ده كان أول مقال: Complicated Words, Simple Meanings
ده اللينك بتاعه للي حابب يقرأه: https://lnkd.in/dCz5_VRN

وده الفيديو، نفس الكلام اللي في المقال بالظبط

بالتوفيق يا رب 🙏",1006
7426907684853133312,"ده نموذج للداشبورد اللي تفرح، الراجل بأقل الألوان وأبسطها عامل حاجة مبهرة وموصل رسالته من غير بهرجة ولا ألوان ولا لمض بتنور في الضلمة
بجد شابو",142
7427388480235868161,"للناس اللي بتحب الفيديوهات، أنا وnotebooklm عملنالكو فيديو 5 دقايق بيشرح يعني إيه Machine Learning وإزاي الآلة بتتعلم
هو ده شرح للـ Supervised Machine Learning تحديداً وهو الأشهر والأكثر استخداماً (70-80% من التطبيقات)، في نوعين تانيين هنتكلم عنهم مرة تانية بإذن الله",267
7427607484007092225,"هاي
احنا استلفنا والدولار غالي وهنسدد والدولار رخيص 🤷‍♂️",56
7427767719183409152,"I'm super glad to have had the chance to attend this brilliant webinar provided by Juma (ex Team-GPT) and hosted by the incredible women Margarita Arsova & Simona Dobreva.

This webinar wasn't only insightful and full of useful thoughts and advices, it's also a focus on a huge turning point in the world of Gen-AI and AI Agents: the fading of hashtag#prompting in favor of hashtag#context engineering and well chunking.

I'm truly grateful to you guys for sharing such knowledge and experience.

And of course huge thanks to the great mentor Iliya Valchanov who changed and is still changing my whole life path.

I wish you all the best and I'm gonna use Juma (ex Team-GPT) because I fully trust the people who built it.

Big thanks from Egypt 🇪🇬 🙏",749
7428048711546662912,"ليه مش المفروض تاخد أوفر من شارك تانك مصر وتكتفي بالدعاية عن نفسك فيه بس؟

تخيل Anwar Aly يبقى متخصص في الـ Business Informatics واشتغل سنين سنينور في الـ Conversion Rate Optimization في أكبر شركة في العالم ثم مدرب في نفس المجال وعبدالله متخرج من هندسة ميكانيكا وبعدين درس Social Entrepreneurship في Watson Institute ثم Exchange Student في جامعة أوسلو ثم ماجستير في الـ Sustainability & Entrepreneurship من الجامعة الأمريكية بالقاهرة

وبعدين تستخدمو تعليمكو وخبراتكو ومهاراتكو اللي استثمرتو فيها سنين من عمركو في أنكو تعملو Startup رائد في المنطقة مبني على أسس علمية حقيقية ومرشح بقوة يكون الأهم والأفضل في الـ Domain ده في المنطقة (وأظن في العالم كمان) خلال الفترة اللي جاية بسبب البيزنيس موديل المختلف عن الـ AI Orchestrators شكلاً وموضوعاً

في الـ AI Orchestrators - زي Stunning - أنت بتخللي الـ AI Model نفسه يقوم بـ 90% من الشغل وده بيخلي نفقاتك رايحة أكتر على تكلفة الـ APIs اللي (تكلفة اشتراكك في النموذج ده المبني على كمية الكلمات في الشات بينك وبينه) ولما الشركات العالمية دي ترفع تكاليف الاشتراكات دي علشان تجذب العملا ليها وتبيع للعميل مباشرة بدون وسيط انت هنا روحت في داهية والشركة الكبيرة بلعتك في 10 دقايق

بس ظاهر الـ COGS بتاعته مختلفة، هو بيسأل الموديل (Gemini وغيره شوية أسئلة) محددة، الأسئلة دي مدروسة بحيث تكون كفاءتها أكبر ما يمكن وفي نفس الوقت تكلفة استخدامها للنماذج العالمية دي أقل ما يمكن وبعد ما ياخدو النتايج دي بيشتغلو عليها هما عن طريق الموديل بتاعهم هما

معظم تكاليف ظاهر هتروح لموظفين التسويق ومهندسين الـ AI داخل الشركة مش هتروح عالبنية التحتية اللي احنا ماعندناش أي تحكم على تكاليفها وصباعنا فيها تحت ضرس الشركات الأمريكية لحد ما اخواتنا في السعودية ربنا يوفقهم ويبنو بنية تحتية نقدر نعتمد عليها في شغلنا، وهنا بتظهر الميزة النسبية اللي عندك، تكلفة العمالة، أنت عندك ناس متعلمة بأفضل جودة في العالم وعقول تغلب عقول برا وبنص المرتبات ويمكن أقل، الصين أرخص؟ ماحدش بيثق في الصين، العملا هيجولك أنت! 

أمريكا مستثرة 112.3 مليار دولار على الـ AI في 2025 بس
الصين استثمرت 99.7 مليار دولار على الـ AI في 2025 بس
الاتحاد الأوروبي استثمر 9.7 مليار دولار على الـ AI في 2025 بس
السعودية عملت صفقات بـ 14.9 مليار دولار في مجال الـ AI في 2025 بس
الاتحاد الأوروبي 

وفي الآخر
وبعد كل ده
ييجي واحد يقولك أنا عايز اشتريك بـ 10 مليون جنيه ووجبة

Zaher.AI كنتو هايلين يا شباب، وحقيقي فخور أن عندنا شباب زي الورد زيكو اشتغلو على نفسهم واستثمرو في عقلهم ولما عملو Startup عملوها ثابتة وواقفة على رجليها ومتأسسة علمياً صح في زمن النصب فيه بقى بيكسب أكتر من الحقيقة

أنا متأكد أنكو هتبقى أهم Marketing AI Agent قريب لأن اللي بيتبني على أساس سليم بيوصل للسما",2468
7428347271060201473,"يوم السبت قاعدين فاضيين فممكن نسير الجدل سيكا
أكتر حاجة استفدتها من كلية هندسة هي أنها خلتني أقدر أقدم نقد للمهندسين براحتي في أي وقت وأي مكان من غير ما حد غير ما حد يقوللي ""أصل أنت غيران"" ولا ""دي حاجة مايفهمهاش غير المهندسين بس""، لا ياخويا شهادة الكلية أهي وكارنيه النقابة أهو واللي عنده معزة يربطها.

الفيديو ده مبني على مقال كنت كتبته على Medium بعنوان ""Has Data Science Just Killed the Engineers’ Pride That Lasted for Decades"" وأخويا Notebooklm حولهولي فيديو وVoice Over في 5 ثواني بـ Prompt تلت سطور.

لينك المقال لو بتحب القراءة: https://lnkd.in/d7Xc482Q

مشاهدة ممتعة",575
7428468069573824513,"ازاي تزود فرصتك في أنك تبعت Connection Request لحد مهم ويقبلك؟

من 4 سنين في Udacity أيام egFWD الله يمسيهم بالخير كان في كورس مخصوص عن الـ Career Elevation وجزء كبير عن LinkedIn وكان فيه نقطة مهمة جداً جداً جداً معظم الناس مابتاخدش بالها منها وبتسبب في ضياع فرص كبيرة في التقدم الوظيفة

لما تبعت لحد مهم Connection Request ماينفعش تبعتله تتكلم عن نفسك، انت بالنسباله اللي زيك كتير مفيش شيء مميز يعني مش إيلون ماسك حضرتك (أو حضرتي)، الناس دي حياتها كلها صفقات واستثمارات وفلوس ماعندوش وقت يضيعه في أنه يدخل يبص على بروفايلك

أومال نعمل إيه؟
لازم تتكلم عنه هو مش عنك أنت، لأن ده المميز، دي النقطة اللي تقدر تستخدمها لصالحك

وانت بتبعت الـ Connection Request اختار Add a none to your request، دي رسالة خاطفة كده يا تاخد قلبه يا هتترمي في الـ Others جنب اخواتك

طيب ازاي تاخد قلبه؟
ده الـ Structure بتاع الـ Note اللي الكورس قدمه واللي أنا جربته شخصياً ونفع مع شخصيات عامة ومؤثرة، 2 عرب بعد لقاءاتهم التليفزونية وواحد أجنبي مش فاكره لأني ضيفته من زمان

1- Greeting: دي عادي عارفينها Good morning عادي وبلاش Hi علشان مش Formal واحنا لسه قايلين أنه حد مهم.

2- ماتعرفش نفسك دلوقتي
جرب تعمل الآتي:
دلوقتي ده حد مهم، يعني ليه لقاءات إعلامية أو عمل ندوات أو محاضرات أو عنده حاجة هو مميز فيها وبيحبها

لو ليه لقاءات إعلامية هنشوف لقاء منهم وهنزود السطر اللي جاي في النوت:
I have just watched your interview with (interviewr) on (channel name), I was really impressed with your ideas, thoughts and what you managed to achieve

لو ندوة هتبقى حاجة زي كده:
I have just finished your webinar on (website name), it was very helpful and full of knowledge and brilliant ideas.

لو مالوش لا ده ولا ده؟ بنشوف هو حقق إيه وفخور بإيه
مثلاً لو هبعت لنجيب سويرس هقوله:
I have been following your work for a long time. I'm fascinated not only with your professional progress, but also with your life style. You have no idea how impressed I am with your visionary decision to invest in Gold long time before it was a trend.

ليه الدهب؟ علشان دي الحاجة اللي نجيب سوريس تميز فيها عن كل رجال أعمال مصر، من كام سنة لما قرر يبيع أسهم كتير ويستثمر في الدهب الناس كلها قعدت تضحك بس هو طلع صح وأثبتلهم وجهة نظره.

ليه الخطوة دي مهمة؟
لأن المتابعين كتير بس المهتمين يتعدو عالصوابع، الشخص المهم ده محتاج يشوف منك إحترام وإعجاب بمشواره وفهم لقراراته وأنك جايله هو شخصياً مش مجرد عايز واحد مهم عندك في الـ Connections وخلاص، لازم يحس أنك جايله هو تحديداً.

3- عرف عن نفسك باختصار شديد:
I'm a Data Scientist interested in business and finance

4- بنقفل بـ Call to Action بردو فيه احترام لخبرته
I really hope we get connected to be able to benefit from you huge experience.

بس كده الموضوع بسيط
طبعاً المفروض تخلص الليلة دي كلها في 300 حرف بس فـ اتصرف اتشقلب شيل كلام حط كلام المهم الـ Structure يكون قريب من ده.

بالتوفيق يا ولاد 🙏",2692
7428859215898644481,"إيه القرف ده بجد؟1 
أنا والله بحب الست دي جداً ودايماً بشوف فيديوهاتها مع أن بيبقى قدامي إغراءات كتير عالتيك توك بس أنا بسيب كل ده واشوفها لأنها بجد حد فاهم ودارس وتعبان على نفسه

بس الفيديو ده مصيبة بكل المقاييس

هي بدأت بتقول أنها بتعمل فيديوهات علشان ""تنقل معرفة للناس"" وأن ده الـ Objective بتاعها

بعدها قلبت على أسلوب سماسرة قاعدين القهوة قائلة: ""لو أنا الـ Visibility بتاعتي عالية، والـ Credibility بتاعتي عالية، أنت خير من في المجال، نقعد ونتفق""، أو كما قالت إحداهن: قدر تتقدر يا عينيا

تتفقي على إيه يا أستاذة؟ تتفقي على إيه؟ إيه نوع الاتفاق المطلوب بالظبط؟ حضرتك مش عارضة أزياء المعلنين بيروحولها علشان تنزلهم ستوري بـ 30 ألف جنيه، حضرتك المفروض شخص محايد، مستقل، نزيه، رأيه نابع من علمه ومن تقييمه الموضوعي مش بيتباع ويتشرى، ماهو ماتقنعينيش أنك عايزه واحد يديلك فلوس علشان تعملي تقييم موضوع لشركته وتنتقديه بقى وكده، هو هيدفع يبقى هياخد

وختمت الفيديو الكارثي ده قائلة: علشان ماينفعش نبقى بنتفق على أرقام بالملايين ونيجي عند الناس مصدقاه ونقوله اعملنا فيديو
انتي شوفتيهم اتفقو فين ولا انتي شوفتي حلقة تانية؟ الناس لحد دلوقتي عملو Proof of Concept بس ولسه حد ماوصلوش للـ Break-Even، أنا متأكد أن كل واحد فيهم مديون بقد كده علشان يحقق حلمه وحلم البلد في أنها تكون على خريطة الذكاء الاصطناعي العالمي، بس ازاي وازاي، لازم نبصلهم في رزقهم زي الجار السو عادي جداً

والعنوان بقى تلقيح نسائي على الشباب في شركة الظاهر يتناسب مع مستوى التيك توك فعلاً، ده مستوى من الضحالة ماشوفتوش في حياتي",1390
7429192872450531328,أقل خناقة بيني وبين Gemini,26
7429434646561710080,"I'm not only glad, I'm super proud to have had the chance to attend this crucial course designed by the greatest AI educator on earth Iliya Valchanov who taught more than 1.5 MILLION students around the world. Iliya is also the CEO of Juma (ex Team-GPT), an AI orchestrator specially focused on making marketing a lot more powerful and a lot less expensive by analyzing data, generating content, creating presentations, and delivering ready-to-use assets.

The second one was a real surprise for me. Iskren Vankov is an Oxford graduate. Yes you read that right. I was taught Deep Learning by an Oxford graduate for 19$ a month on 365 Data Science!

Iskren is also a:
 1- Former Head of R&D at multiple startups
2- Published researcher in Quantum Science and Technology. With top honors from the University of Edinburgh, Caltech, and Oxford.
3- A recipient of the Microsoft Research Award for Best Informatics Dissertation.
He has applied expertise in quantum computing, machine learning, and deep learning across both research and industry.

I know that to boost my profile and and brand my self to recruiters I should mention what skills and concepts I have mastered throughout this course, but I'm not going to do that today, I'll just say that ""I have been taught by the best in the world"".",1293
7429796931494670336,"Stop wasting your marketing budget on the wrong customers! 💸
That's when Machine Learning comes to the rescue.

I'm happy to share my Machine Learning project , designing a model for an Audiobooks store to predict whether a customer will make a second purchase or not, hence targeting ads and offers to customers who are likely to make a second purchase using deep learning techniques and hyper-parameters fine-tuning to reach the best accuracy the provided data can give us.

80% Test Accuracy: Ensuring 80% of marketing budget will reach the right customers who are very-likely to make a second purchase.

Machine Learning is a long process from statistics, probability, calculus and linear algebra, to crucial tools like SQL, Python, Numpy, Pandas, SKLearn, TensorFlow, Matplotlib, Seaborn and a lot more, but when optimize spending, save money, boost performance and increase businesses' ROI you'll certainly know that it worth it.

Here's the link to the full project on Github: https://lnkd.in/dQp__aSN
It's top-quality documented and organized in a way that you can discover and get a good intuition about the whole deep learning process.

I strongly recommend that you save the readme file to your personal computer because it's very well structured after a very long search for the best Github readme file structure. You can use the same structure in your upcoming projects.

Thanks for reading,
Ramadan Kareem

hashtag#DataScience hashtag#DeepLearning hashtag#MachineLearning hashtag#ROI hashtag#MarketingAnalytics hashtag#TensorFlow hashtag#Python",1558
7430234018383593472,"مساء الخير
الـ AI Apps زي الـ AI Agents والـ Orchestrators هي أكبر قطاع هيدر أموال في السنين اللي جاية، الـ LLMs حلوة وجميلة بس ها وبعدين؟ هنعمل ايه بقى؟ التطبيقات اللي بتتبني على الـ LLMs هي اللي بتخلي الـ AI موجود ومفيد سواء للأشخاص أو للشركات.

تحليل البيانات مش بس الخطوة الأولى في مشوارك في الـ AI، هو الخطوة الأهم، لو فهمت العلم اللي ورا تحليل البينات هتقدر تفهم العلم اللي ورا الـ Data Science والـ Machine Learning وهتقدر تطبق وتعمل AI Apps وانت فاهم مش مجرد بترص سطور كود انت مش عارف هو بيعمل ايه.

إحنا في مصر -عالأقل دلوقتي - مانقدرش ندرب LLM من الصفر، الموضوع محتاج بنية تحتية ومليارات في قطاعات تانية أولى بيها دلوقتي، بس اخواتنا في مجتمعات الـ Open Source ماسابوناش، في نماذج موجودة ومتدربة وتقدر تستخدمها علشان تبني AI App وتعمل شركة وتوفر فلوس للبلد وتكسب مليارات، الـ AI Apps هي حقيقي أملنا الأكبر في أننا نعمل طفرة اقتصادية في وقت قليل جداً مايتعداش الخمس سنين. بس لازم نتعلم صح.

حقيقي حاجة تحزن كمية الكورسات السطحية المتاحة على الساحة اللي بتدي للطلبة شوية إكسيل على Power Query على PowerBI ويقوله يلا خلاص انت جاهز وهو مش جاهز ولا حاجة ولا يعرف منين بيودي على فين.

بما أننا في رمضان ومن 4 لـ 5 قاعدين مستنيين الأدان ومفيش حاجة نعملها، أنا واخويا Notebooklm عملنا Playlist لطيفة إسمها Data 101 هنشرح فيها أساسيات الـ Data Analysis من تعريفات لإحصا واحتمالات لـ Python, SQL, PwerBI وهنبني مع بعض عقلية محلل البيانات من الأول للآخر بإذن الله، الدروس مبنية بنفس هيكلية أفضل منصات تعليم الـ Data Science في العالم

الدروس النظرية هتنزل على شكل مقالات وبتتحول لفيديوهات بـ Notebooklm لأن كل واحد ليه طريقة مختلفة في المذاكرة، الدروس العملية هتبقى Screen Record عادي بإذن الله.

ده أول درس: 01 - What is Data? The Fuel of the AI Revolution!

لينك المقال: https://lnkd.in/d-PHc-fu

لينك الـ Playlist عاليوتيوب: https://lnkd.in/dCPpWd76

للاقتراحات والتعديلات وما يطلبه الجمهور يرجى التواصل عبر الرسائل الخاصة
بالتوفيق يا رب 🙏",1840
7430597141343027200,"إيه أهم حاجة في الـ Personal Branding؟

سي في محترم؟ بورتفوليو لطيف؟ صورة بروفايل حلوة؟ موقع شخصي؟ قناة يوتيوب؟ مدونة ومقالات متخصصة؟ بوست كل يوم على LinkedIn؟ تبعت Connection Request لـ 10 في نفس مجالك كل يوم؟ تكتب كومنتات Congratulations على إنجازات زمايلك؟ تتفاعل مع البوستات وتفتح مجالات للنقاش؟

كل ده حلو
كل ده لطيف
كل ده مهم

بس الـ Personal Branding الحقيقي وطويل الأمد هو شغلك، جودة شغلك، إتقانك لشغلك، إهتمامك بالتفاصيل، تعلمك المستمر علشان تطلع أفضل منتج نهائي، هنا الـ Personal Branding بيكون Organic، نابع من الناس مش منك أو من الدعاية اللي انت عاملها لنفسك، هنا نظرة الناس ليك بتكون مختلفة تماماً، نظرة إحترام، نظرة تقدير، نظرة ثقة.

يوسف الشريف وعبلة كامل

يوسف الشريف عمره ما عمل دعاية شخصية لنفسه، لا عمره قال أنا أعمق واحد، ولا أنا أهم واحد، ولا دفع فلوس للجان إلكترونية، ولا كلم جرايد يكتبو عنه، الجمهور هو اللي حطه في مكانه كبيرة، الجمهور هو اللي كان دايماً بيـ ""شابو يوسف الشريف"" مع أن كل اللي عمله أنه كان بيشتغل كويس، بيتقن شغله، بيهتم بالتفاصيل، بيحترم المشاهد، بيقرأ وبيتعلم دايماً فـ ده اداله أفكار جديدة وغير نمطية لمسلسلاته.

عمرك شوفت لقاء تليفزيوني لعبلة كامل؟ هو موجود بس نادر، نادر جداً، أستاذة عبلة كامل مش تابعة للقالب النمطي اللي بتحبه الصحافة، لا هي شقرا ولا عينيها ملونة ولا بتبرز مفاتنها قدام الكاميرا بسبب وبدون سبب، ولا بتتجوز وتتطلق 5 مرات في الشهر، ولا مرات منتج ولا صاحبة مخرج، ست جميلة في حالها، ولكن، 30+ سنة من الشغل، والاجتهاد، والإتقان، والاهتمام بالتفاصيل، واحترامها للمشاهد، خلو الناس نفسها تشوفها ولو 3 ثواني، 3 ثواني بس تمللي عينها منها ومن ضحكتها.

فتحي عبد الوهاب واحد من أعظم ممثلين مصر يمكن في التاريخ، كان بيحكي عن مشهده معاها في ريا وسكينة لما كان وكيل نيابة وهي متهمة بعد ما اتقبض عليها، قال عنها: عبلة كامل ممثلة لازم تعمل حسابك وانت بتمثل قدامها، عبلة كامل بتتحول، أنا في المشهد ده كنت أول ما المخرج قال أكشن وهي بدأت تمثل كنت هوقف واطلب من المخرج نعيد المشهد من هول تمثيلها.

على عكس ده في Personal Branding بيتصرف عليه ملايين وسفر وعربيات وأغاني وحفلات وبيضر صاحبه مش بينفعه، محمد رمضان ممثل عظيم باعتراف النقاد والجمهور والكراسي اللي في السينما، اللي تابع لقاءات محمد رمضان الأخيرة هيعرف قد ايه هو كمان اتطور جداً عقلياً وبقى مثقف ومش سطحي وعنده حاجة يقولها بدل ""لا تربط ثابت بمتحرك""، حقيقي رمضان بقى تقعد تستفيد منه فكرياً، ولكن، الـ Personal Branding اللي اشتغل عليه سنين وصرف عليه ملايين خلاه في تحدي دائم مع الجمهور، الناس بقت بتستناله الغلطة في نفس الوقت اللي ممكن تبلع الزلط لعبلة كامل أو يوسف الشريف.

فـ الـ Personal Branding حلو، ومهم، بس الأهم هو القيمة اللي انت بتقدمها للمجتمع، شغلك اللي هيتكلم عنك، الـ Personal Branding دوره بيقف عند أنه يظهرك أكتر، يخللي الـ Profile Viewers يزيدو، بس الأهم، لما يدخلو يبصو على بروفايلك هيلاقو إيه؟

الريتش بيروح وييجي، اللي بيفضل هو القيمة الحقيقية اللي بتقدمها للناس
فَأَمَّا الزَّبَدُ فَيَذْهَبُ جُفَاءً ۖ وَأَمَّا مَا يَنفَعُ النَّاسَ فَيَمْكُثُ فِي الْأَرْضِ
كَذَٰلِكَ يَضْرِبُ اللَّهُ الْأَمْثَالَ

رمضان كريم 🌙",2829
7431231285093670912,"ازاي الداشبورد ممكن تخسرك كام مليار في لحظة؟

29 يناير 2026: الدهب بيقفل عند 5,310
30 يناير 2026: الدهب بينزل وبيقفل عند 4,940 دولار
31 يناير 2026: الدهب بيكمل نزول وبيقفل عند 4,865
2 فبراير 2026: الدهب بيكمل نزول وبيقفل عند 4,687

إيه اللي الداشبورد بتقولهولك؟

في نمط هبوط واضح، كل لحظة بتستناها قبل ما تبيع في جزء من ثروتك بيتبخر ---> بيع

إيه اللي علم البيانات بيقولهولك؟

فتح كلام كده Correlation Doesn't Mean Causation، الـ Line Chart بين سعر الدهب مقابل الوقت دي ثنائية الأبعاد بس، 2D، في أبعاد تانية احنا مش شايفينها، الأبعاد في علم البيانات يعني Factors (عوامل مؤثرة) أو متغيرات (Variables)

طيب إيه العوامل التانية اللي بتأثر في سعر الدهب؟

مئات العوامل، كل عامل ليه وزن مختلف، لو مثلنا سعر الدهب بمعادلة:
سعر الدهب = أ * س + ب * ص - ج * ع + .... + ثابت
الـ س والـ ص والـ ع هما العوامل/المتغيرات، والـ أ والـ ب والـ ج هما أوزان الـ عوامل دي، يعني كل عامل حجم تأثيره قد إيه في المعادلة، لو عامل تأثيره كبير المعامل بتاعه هيكون كبير والعكس

طيب إيه العوامل المخفية عن الداشبورد ثنائية الأبعاد اللي قدامي؟

كتير

1- سعر البيتكوين - زيادة المعروض الإجباري: الأمريكان ماكافاهمش أنهم دخلو العالم كله في كساد في التلاتينات، ولا أنهم بخرو ثروات العالم في فقاعة الـ دوت كوم، ولا أنهم لبسو العالم في حيطة في 2008، اخترعو حاجة اسمها الـ Leverage، لو معاك 100 دولار تقدر تستلف من السمسار وتشتري بـ 1000 دولار، لو كسبت حلال عليك وهاخد عمولتي، لو خسرت هسيبك تخسر 100 دولار بس، وبعدها يا تتصرف وترجعلي فلوسي اللي سلفتهالك يا هبيعلك أنا يا هتبقى مديونلي.

من 28 يناير لحد 5 فبراير سعر البيتكوين اتهبد من 89,000 دولار لـ 63,000 دولار، بس المستثمرين كانو مشتريين البيتكوين بالـ Leverage، السماسرة قالولهم أنتو دلوقتي الحاجات اللي شاريينها تمنها أكبر من الفلوس اللي انتو حاطينها، اتصرفو، يتصرفو منين؟ باعو الدهب اللي حيلتهم علشان يوفرو سيولة.

2- زيادة المعروض الإجباري - الجزء الثاني: بعد ما بتوع البيتكوين باعو الدهب بأي سعر علشان ينقذو نفسهم سعر الدهب نزل، فـ في ناس تانية مالهومش علاقة بالموضوع كانو شاريين الدهب بالـ Leverage بردو، لما سعره نزل السماسرة قالولهم نفس الجملة، فباعو الدهب، فالمعروض زاد أكتر، فسعره نزل أكتر.

3- إعلان إسم رئيس الاحتياطي الفيدرالي الجديد: ترامب بقاله سنين بيتخانق مع رئيس الاحتياطي الفيدرالي الحالي جيروم باول علشان سياسته في رفع الفايدة، سعر الفايدة وسعر الدهب بينهم ارتباط عكسي، لماسعر الفايدة يزيد الناس بتبيع الدهب وتروح تحط فلوسها في أذون خزانة مضمونة، ولما سعر الفايدة بيقل الناس بتبيع أذون الخزانة وتشتري دهب عشان بيكسب أكتر.

يوم الجمعة 30 يناير ترامب أعلن عن مرشحه كيفن وارش لخلافة جيروم باول، المعروف أن كيفن وارش بردو بيحب الفايدة المرتفعة، فالمستثمرين قالو نلحق نبيع والدهب عالي دلوقتي لأنه هينزل بعدين

المشكلة أن بعد كل ده ترامب طلع امبارح وأكد على تفاهمه مع كيفن وارش على تخفيض سعر الفايدة بردو

تجميعة العوامل دي كلها مع عوامل غيرها مع بعض سموها سيجما 10، يعني الـ z-score بتاعها يبعد عن الـ 0 بـ 10 Standard Deviations، يعني احتمالية حدوثها أقل من 1على 10 أس 23!

فـ أنت بقى عايز تسيبلي كل ده وتسيب الحروب العسكرية والتجارية اللي بتعللي سعر الدهب وتقوللي أصل في نمط هبوط، خليه ينفعك، النهارده الدهب بـ 5,100 🙂",2952
7431378494800117760,"هل إحنا أقل من الناس اللي شغالين في جوجل؟

في 2009 كنا بنلعب أول ماتش لينا في كاس العالم للقارات قدام البرازيل في جنوب إفريقيا، كل الناس كانت مستنية فضيحة وستات وسبعات وتمانيات وإقالة حسن شحاتة وتعيين السير حلمي طولان.

الشوط الأول مالعبناش كورة، كنا خايفين، سوري، كنا مرعوبين، الشوط خلص 3/1 للبرازيل وكان ينبؤ بالمزيد من الأهداف في الشوط التاني.

حسن شحاتة

بين الشوطين كابتن حسن شحاتة راح شايل تلاجة المياه ورازعها في الحيطة وقال للاعيبة:
إحنا مش جايين نتبهدل، مش جايين نتمرمط، مش جايين نخسر ستة سبعة ونمشي؟ إيه يا بشوات؟ خايفين من إيه؟

الشوط التاني اللاعيبة عملت أفضل شوط في تاريخ مصر، لاعيبة البرازيل ماكانوش ملاحقين على تريكة ولا زيدان ولا أحمد عيد ولا محمد شوقي ولا حسني عبد ربه ولا حتى سيد معوض الباك، ماكانوش عارفين الكورة جاية منين

جيبنا جون وبعدها اتعادلنا بس علشان ماخوفناش لمدة 45 دقيقة، بس علشان شيلنا الهالة اللي حاطنيها في ذهننا عن منتخب البرازيل وأحسن لاعيبة في العالم واتعاملنا معاهم راس براس زينا زيهم ولعبنا ماتش كورة من بتوع الدورات الرمضانية.

هل احنا بقى أقل من الناس اللي شغالين في جوجل؟
والله أبداً، مجال الـ Data Science لحد قريب جداً كان كله Self Learning، ماكانش في كليات بتخرج محلل بيانات ولا عالم بيانات ولا ML Engineer، العلم أصلاً بيتطور بسرعة لدرجة أن علشان تعمل تخصص علوم بيانات في الكلية فـ أنت كل شهر محتاج تغير المنهج، خريج 2022 هيدرس حاجات مختلفة عن خريج 2026. فالتعليم اللي انت اتعلمته هو هو اللي هو اتعلمه، الرياضة اللي درستها في إعدادي وفي الكلية هي أساس كل رياضة هتدرسها بعد كده في علوم البيانات، معظم الأبحاث العلمية اللي هما بنو شغلهم عليهم منشورة مجاناً، ولو الباب ده اتفتح للباحثين المصريين هنعمل عظمة أصلاً.

طب إيه الفرق بيننا وبينهم؟
الخوف، إحساسنا أن احنا مش زيهم، هما ناس واحنا ناس تانية، ده الفرق بيننا وبين الصينيين، الصينيين ماخافوش، ماعندهمش وهم الرجل الأبيض السوبر مان اللي بيعرف يعمل كل حاجة، عارفين الأمريكان على حقيقتهم، مجرد بشر، الصينيين حاولو، ومش بس عملو نماذج منافسة، دول عملو نماذج متفوقة بكتير عن نماذج أمريكية تانية، هل تعلم أن She In عندها أقل مخزون بضائع على مستوى العالم (2% بس) والنماذج بتاعتهم بتتنبأ بطلب السوق والـ Customer Behavior وبتعبت للمصانع تصنعلها موديلات ومقاسات معينة وأول ما بتتصنع بتتشحن على طول؟ هل تعلم أن ديب سيك إتكلف في تدريبه أقل من 5.6 مليون دولار والأمريكان دربو شات جي بي تي 30 مليون؟

إحنا مالحقناش الثورة الصناعية الأولى بتاعت الميكنة، ومالحقناش الثورة الصناعية التانية بتاعت الكهربا والإنتاج الضخم، ومالحقناش الثورة الصناعية التالتة بتاعت الكمبيوتر، بس دلوقتي نقدر نلحق الثوة الصناعية الرابعة بتاعت الذكاء الإصطناعي بشرط وحيد، مانخافش.",2434
7431740885710733312,"الـ AI مش هيقعد حد في البيت يا جماعة والله واهدو بقى، ماينفعش أصلاً الناس تقعد في البيت، الحكومات ماتقدرش تسمح بده ولا وبربعه حتى.

الموضوع مالوش أي علاقة بقدرة الآلة على استبدال البشر، الآلة تقدر تستبدل معظم الوظايف عادي جداً وأولها المهندسين والدكاترة ومديرين البنوك الموضوع مش صعب، لكن ده هيكون كارثة اجتماعية وسياسية من أمريكا للصين مروراً بأوروبا وروسيا وجزر القمر ومونتينيجرو وما بعد الجدار الجليدي.

النظام العالمي كله قايم على الطبقية، علشان يكون في غني لازم يكون في موظف، والموظف لازم يكون عنده حد الكفاف، مايزيدش عنه علشان مايشاركش الغني في أرباحه ومايقلش عنه علشان مايموتش والغني مايلاقيش حد يشغله. إن معدلات البطالة تزيد عن حد مدروس ومراقب ده أثره على العالم هيكون أكبر من أثر كل القنابل النووية اللي فيه مجتمعة.

شغلة البنوك المركزية في العالم كله حاجتين مالهومش تالت، المحافظة على استقرار الأسعار والمحافظة على أن معدل البطالة يكون أقل من حد معين، دراسات بتقول 5% ودراسات بتقول من 10% لـ 12% بس ما علينا.

في أمريكا (والعالم الرأسمالي) السلطة واخده شرعيتها من الناخبين، الناخبين دول معظمهم موظفين، لو الموظفين مش مبسوطين مفيش سلطة، مفيش كونجرس، مفيش نظام إجتماعي بيحكم أمريكا، مفيش أمريكا.

في الصين (والعالم اللي مش رأسمالي أوي) السلطة واخدة شرعيتها من وعد الموظفين بالتشغيل وتوفير الاحتياجات الأساسية، إحنا هنوفرلكو شغل وشقق وأكل وشرب وانتو هتسيبونا نحكم 1500 سنة.

ده إسمه العقد الاجتماعي، الورقة اللي بتحكم علاقة البشر ببعض داخل نفس الحدود، هوبز الله يرحمه قالك أنت مش بتقدم على أذى غيرك الأضعف منك علشان أنت حلو وجميل وكيوت، أنت مش بتقدم على أذى غيرك علشان ده هيكسر العقد الإجتماعي وهيسمح لغيره الأقوى منك يأذيك، أنت بتعمل ده لمصلحتك أنت.

أي خلل في العقد الإجتماعي في أي حتة في العالم هيؤدي لكارثة، أنت متخيل يعني لو 70% من الأمريكان قعدو في البيت ومابقوش لاقيين ياكلو هيعملو إيه هيدعو عالظالم والمفتري؟

وبعدين ماشي يا سيدي إيلون ماسك عمل 7 مليار روبوت وشغلهم عنده والموظفين الوحشين ماتو م الجوع، الإنتاج بتاع الـ 7 مليار روبوت ده هيتباع لمين؟ هيبني لنفسه 100 قصر و150 عربية و7000 تليفزيون سمارت واشتراك شاهد ببلاش، وبعدين؟ هيقعد يعمل إيه في حياته أصلاً؟ تفتكر دي حياة ممكن أي حد يسعالها؟ وتفتكر الموظفين دول هيموتو في سلام عادي كده ماحدش هيرفص حتى؟

طيب ليه شركات التكنولوجيا بتسرح مئات الموظفين؟ اه طبعاً في جانب توفير نفقات لأنهم حرقو فلوس كتير في البنية التحتية للـ AI بس مش ده السبب الرئيسي، الرجالة قاعدين يوعدو المستثمرين بقالهم 4 سنين بعالم وردي وفراشات بتطير في كل حتة ولسه المستثمرين مش شايفين عائد مادي، فـ علشان يوفرو سيوله قالو خلاص نفصل موظفين علشان ندي إيحاء أن أووو ده قطاع سمارت جداً وبيغير العالم فـ المستثمرين العبط يرمو فلوس زيادة.

شكل وظيفتك ممكن يتغير اه، ممكن تشتغل حاجة تانية، بس لازم هتشتغل، معدل البطالة ماينفعش يقل وده لمصلحة الأغنيا والساسة قبل ما يكون لمصلحتك، ماتقلقش، إسمع ويجز، اتفرج على فخر الدلتا، إعمل ريبورت لصفحة رامز جلال، إتبسط وفرفش كده ربنا عامل حسابك من قبل ما تتولد فماتقرفناش بليز.",2747
7431956052679680000,"أكبر معضلة بتواجه أي حد بيبدأ في الـ Data Science هي الأدوار، مين بيعمل إيه، أنا مين؟ وانتو مين؟ ومين دول؟

الحقيقة أنت مش لوحدك، كلنا كده والله، من أول الإتش آر اللي بينزل Job Description عايز واحد معاه PowerBI وTableau وLooker Studio، التلاتة، مع أنهم بيعملو نفس الحاجة وأكيد الشركة بتستخدم أداة واحدة فيهم مش فرح هو، مروراً بالموظفين نفسهم اللي شغالين في المجال بقالهم 10 سنين، ثم الـ Section Head اللي بيعرف الأدوار حسب حالته المزاجية نفسها، وصولاً للزملاء ساندر بيتشاي وإيلون ماسك وسام ألتمان والعاق مارك زوكربيرج، المجال طاير وماحدش عارف يلحقه، كل يوم في حاجة جديدة وكل يوم في دور جديد وكل يوم في مهام جديدة وكل يوم في أدوات جديدة، بس على قد ما الموضوع شكله يعقد من برا صدقني والله Once أنك حطيت رجلك على أول الطريق هتلاقيه ممتع وحلو وبسمسم من جوه.

ده الدرس التاني في سلسلة Data 101 بنحاول نشرح فيه إيه هي الأدوار داخل عالم البيانات وإيه المهام المشهورة لكل واحد فيهم بالتفصيل الممل جداً الحقيقة (2000+ كلمة)، 9 أدوار بترتيب رحلة البيانات من أول الـ Data Architect لحد الـ AI Agents Engineer مروراً بالـ Data Engineer, Business Analyst, Data Analyst, Data Scientist, ML-Engineer والـ AI Engineer وكمان الكورسات اللي محتاجها علشان تبقى واحد منهم.

 سلسلة Data 101 حيث يحاول اليوتيوبر (اللي هو أنا) شرح أساسيات تحليل البيانات (واللي هنبني عليها أساسيات علم البيانات بردو) باستخدام Structure أفضل المنصات المعتمدة دولياً تدريس علوم البيانات في العالم (بجد والله)، أملاً منه في أن الشباب تفهم كويس تحليل بيانات وعلوم بيانات وAI ونبقى زينا زي الناس اللي برا مش مجرد بنطبق أدوات بدون فهم وبنطلع نتايج سطحية لا تسمن ولا تغني من جوع في زمن الـ Data فيه بقت أهم من البترول.

لينك المقال اللي مبني عليه الدرس (Lesson Notes): https://lnkd.in/d-5W7Vtz
ده تقدر تعتبره Guide Line أو Road Map، بس افتكر دايماً أن المجال بيتغير والأسامي بتتغير فركز أكتر على مهام رحلة البيانات أكتر من الأسامي

لينك الـ Playlist عاليوتيوب: https://lnkd.in/dCPpWd76

لينك الـ Articles List (الدرس الأول والتاني): https://lnkd.in/dMWTJdxW

وطبعاً ماتنساش تعمل لايك وشير وسبسكرايب وتفعل زر الجرس وتحل الكويز وتقولنا رأيك في الكومنتات علشان إن شاء الله الفترة الجاية ناوي أنزل Get ready with me

بالتوفيق يا رب 🙏",2082
7432465724847099904,"لما تكبر هتعرف أن الإنجليزي بتاع مدارس الحكومة مش وحش ولا حاجة أنت بس ماكانش في فرصة تمارسه.

أنا فضلت من 2012 لـ 2021 نفسي آخد كورس أونلاين زي الناس اللي بشوفهم بس كنت خايف ومرعوب (ومستعر) من الانجليزي بتاعي لأن القاعدة المشهورة بتقول أن إنجليزي ميس ميرفت حاجة والانجليزي نفسه حاجة تانية خالص، لحد ما اتفرجت على فريندز.

أظن في 2015 أو 2016 بدأت علاقة متقطعة بيني وبين مسلسل فريندز لحد ما توطدت أكتر في الفترة مابين 2018 و2021 وشوفت المسلسل فيهم 8 مرات ونص، 10 أجزاء كل جزء 22 حلقة بـ 236 قصة وموقف مختلفين اتصورو على مدار 10 سنين في معظم الـ Locations اللي ممكن تقابلك في حياتك.

لما درِّست ألماني في فترة ما خدت بالي أنك كل ما قرأت أكتر كل ما كتابتك بقت أحسن، وكل ما سمعت أكتر كل ما اتكلمت أحسن، الموضوع كله في مخزون العقل الباطن.

مشكلة مدارس الحكومة أنك حقيقي عندك مخزون كلمات رهيب وكنت بتحفظه غصب عنك بضرب الجزمة سواء في البيت أو في المدرسة أو في الدرس، مشكلة الكلمات دي أنها لا متربطة ببعض ولا متربطة بالواقع (المواقف)، يعني في الكتب الأكاديمية مثلاً بيكون في درس عن السوبرماركت موجود فيه أكتر الكلمات اللي هتستخدمها في السوبر ماركت، ودرس عن المترو ودرس عن الفواكه وهكذا، عندنا مفيش الكلام ده، أنت بتاخد كلمات وأنت تشوز منهم، ولكن، الكلمات موجودة محتاجة تتربط بس، شوية Primary Keys وForeign Keys وIndex Columns وكل حاجة هتبقى تمام.

هنا فريندز Comes to the Rescue، واحدة من أهم المؤسسات العالمية في تدريس الإنجليزية Kaplan International عملت إحصائية على آلاف من متعلمي اللغة الإنجليزية سنة 2012، لقو أن 82% منهم بيعتمد على البرامج التليفزيونية في التعلم أو التطوير، و26% من الـ 82% دول إختارو فريندز.

ليه فريندز؟ لأنك حرفياً بتضحك على عقلك، أنت من برا بتقدمله ضحك وهزار وعلاقات إنسانية لطيفة وشخصيات بتحبها وكام علاقة رومانسية وفيبي بوفيه وانت عينك على الـ English Subtitle علشان تفهم إيه اللي بيحصل، كل كلمة بتطلع من بوقهم بتتطبع في ذهنك كحروف مكتوبة (من الـ Subtitle) و كصوت بتسمعه وكنطق للكلمة وكموقف واقعي الناس بتتعرضه كل يوم فالكلمات القديمة اللي انت حفظتها زمان بتبدأ تتربط ببعض وبتكون لغة.

في 2021 كان أول كورس أونلاين ليا وكنت لسه خايف بردو بس كنت مضطرله لكن أول ما دخلت لقيت نفسي فاهم كل حاجة زي الفل، قعدت افتكر ده حصل إمتى وازاي مالقيتش متغير غير فريندز.

النهارده أنا مخلص أكتر من 20 كورس أونلاين كلهم إنجلش وبكتب مقالات بالإنجلش وبعمل إنترفيوهات برا مصر بالإنجلش وعمري ما أخدت كورس إنجليزي.

وصحيح، كل المحاضرين في الكورسات دي خريجين أحسن كليات واشتغلو في أحسن أماكن في العالم، اللي مش من أمريكا أو انجلترا حقيقي الأكسينت بتاعتهم بعيدة، بعيدة أوي، لكن هما عارفين أن ده الطبيعي، دي لغة، بنستخدمها للتواصل، طالما أنت فاهم قصدي وانا فاهم قصدك نقطة ونقوم نشوف ورانا إيه، Sundar Pichai الرئيس التنفيذي لجوجل الأكسينت بتاعته مش فلوينت خالص وماسمعناش مرة عن واحد عبيط وقفه في ميتينج وهو بيناقش هيغيرو الكوكب ازاي وقاله لو سمحت إسمها warer مش water.",2664
7433111400098684928,كان عندك كام سنة لما عرفت أن الـ Gaussian Elimination هو هو حل المعادلات اللي أبله سحر شرحتهولنا في 2 إعدادي؟ وهل أبله سحر عارفة أنها بقت ريفرنس في الماشين ليرنينج؟,164
7433430100857131009,"تاني وظيفة في حياتك هي أهم وظيفة في حياتك

أول وظيفة كده كده بتكون تذكرة دخول للمجال والنقلة من الكتب والمذكرات للحياة العملية وشوية فلوس على قد مواصلاتك وباقة النت وسطر في الـ CV في قسم الـ Experience بدل ما هو فاضي كده، بس ناس كتير مابتاخدش بالها من دور تاني وظيفة المحوري في حياتك.

الناس بعد أول وظيفة عادةً بتاخد طريق من تلاتة:
- أول طريق أنه بيقدر بشكل ما يدخل شركة كبيرة وساعتها بيدخل جوه السيستم وبيلتزم بالدور اللي مكتوبله في النص ومابيخرجش عنه وبيأقلم حياته على أنه هيعيش هنا وهيموت هنا وبياخد السلم الوظيفي درجة درجة وفي كل درجة بيستنى المدير بتاعه يموت علشان يمسك مكانه لكن مديره مابيموتش لأنه هو كمان مأقلم حياته على أنه هيعيش هنا ويموت هنا وواخد السلم درجة درجة ومستني المدير بتاعه يموت ومابيموتش بردو.

- تاني طريق وهو أنه مايقدرش يدخل شركة كبيرة ويفضل في دوامة الشركات الصغيرة اللي عايشه على فتات الشركات الكبيرة سواء بالـ Outsourcing أو بالمشاريع اللي بتقع منهم، يخرج م الاسماعيلي يروح المحلة يخرج م المحلة يروح الاتحاد ويفقد الشغف وهو عنده 30 سنة وفي الآخر يسيب الشغل ويفتح قهوة (حلم كل شاب).

- تالت طريق واللي ناس كتير بتغفله هو أنك تدخل شركة Scalable، شركة صغيرة هتفرح بيك ومش هتعاملك بفوقية زي الشركات الكبيرة لكن في نفس الوقت الشركة نفسها طموحة، والأهم، الـ Position بتاعك مرن وقابل للتطوير.

أنت هنا مابتكونش بادئ من الصفر ولسه رايح تتعلم وتستكشف الدنيا لأن بيكون معاك خبرة عملية سنة أو أكتر من أول وظيفة، وفي نفس الوقت، ولأن الشركة مش كبيرة فماعندهاش حاجة تخسرها وعندها طموح أنها تكبر، عندك إمكانية أنك تطور في مكانك وتروح تتعلم وتاخد كورسات وتروح الشركة وتجرب حاجات جديدة وطرق جديدة لحل المشاكل وتوفير النفقات وتدر دخل للشركة، هنا أنت نفسك قماشتك بتكبر مع الوقت لأنك بتكون Product Owner مش فرد في منظومة مبعوتله شوية تاسكات يعملها، أنت في الغالب بتعمل معظم التاسكات لوحدك، وهنا كل يوم بيتحول من يوم شغل ليوم تطوير وبنا وفكر بيتكون ومهارات بتتراكم مع الوقت.

هنيدي ماكانش أول دور ليه إسماعيلية رايح جاي، بس التجربة الطموحة اللي ادت لهنيدي مساحة يطور في الدور ويظهر ويبقى ""كاتش كادر في الألولو"" هي تجربة إسماعيلية رايح جاي لأن المنتج والمخرج ماكانش عندهم حاجة يخسروها.

خالد النبوي كان بيصور فيلم المصير مع يوسف شاهين في نفس الوقت، فيلم المصير نموذج للشركة الكبيرة اللي كلها نجوم وماينفعش تخرج فيها عن النص، بس في إسماعيلية خالد النبوي قدر يخرج كل اللي عنده ويدي روح درامية جبارة لفيلم أبطاله كوميديان ومطرب.

الفيلمين نزلو قدام بعض في السينما، إسماعيلية رايح جاي حقق 15 مليون جنيه إيرادات (266 مليون جنيه النهارده) وفيلم المصير حقق مليون جنيه. دي مش مقارنة بين الفيلمين طبعاً لأن المصير فيلم خارج المقارنة لكن مقارنة بين أثر النموذجين على هنيدي وخالد النبوي.

فالشغلانة الأولى مهمة بتفتحلك الطريق، بس دايماً ركز جداً وانت بتختار تاني أو تالت شغلانة.",2574
7433560287238180864,"اللي تقدر تعمله في الـ Fast Mode ماتعملوش في الـ Thinking Mode

الـ Thinking Mode بيستهلك طاقة تقريباً من 5 لـ 20 ضعف الـ Fast Mode، كل وات كهربا زيادة يعني زيادة في الطلب على الطاقة، يعني زيادة في أسعار الطاقة، ده مابيأثرش عليك، أسعار الطاقة لما بتزيد أسعار السولار بتزيد، أسعار المواصلات اللي بيركبها أخوك علشان يروح شغله ويقبض أربع أو خمس تلاف جنيه بتزيد، أسعار الشحن بتزيد وأسعار الخضار بتزيد عليه والفيتامينات اللي أولاده بيتغذو عليها بتقل، أسعار الكتب والكراريس بتزيد لأنها بتستهلك طاقة كبيرة في تصنيعها وفي أطفال كتير مابتكملش تعليمها بسبب ده، الإسراف هو كل ما فاض عن إحتياجك، وربنا مانهاش عنه علشان بيرخم عليك، ربنا نهى عنه علشان ده حق غيرك، العالم كله أواني مستطرقة، اللي بتعمله في أوضتك حقيقي حقيقي بيأثر في الصين.

{وَكُلُوا وَاشْرَبُوا وَلَا تُسْرِفُوا إِنَّهُ لَا يُحِبُّ الْمُسْرِفِينَ}",800
7433772606450769920,"ليه الموديل ماينفعش دقته تكون 100%؟ وليه لو فضلت تشتغل وتتعب وتعمل Tuning للـ Hyperparameters تلت أيام متواصلة ووصلت بدقة الموديل لـ 100% واحتفلت وسجدت لله شكر وعملت طيارة أبوتريكة وجيت تشغله هيخيش منك؟

أكتر حاجة اتعلمتها في علم البيانات وفادتني جداً في حياتي كلها هي الـ Uncertainty، اليقين الوحيد في هذا الكون هو الله وصفاته، But when it comes to people, you can NEVER be 100% sure.

تصرفات الناس متوقعة، اه، التاريخ بيعيد نفسه، اه، لكن هل بيعيدو نفسهم بالظبط؟ بالمللي؟ اللي اشترى بـ 95.5 جنيه يوم أول يوم جمعة في مارس 2025 هيشتري بـ 95.5 جنيه أول يوم جمعة في مارس 2026؟

علم البيانات ومن قبله فلاسفة التاريخ وعلم الإجتماع دخلو حاجة اسمها الـ ""ريتم""، الناس بتتصرف بـ ريتم أقدر أتوقعه وابني عليه خطتي لكن مش بنفس الأرقام بالظبط.

في الـ Machine Learning لما تطلع دقة الموديل 100% أنت كده بتفترض حاجتين:
1- أن الـ Population بتاعتك هي الـ Sample، يعني بتفترض أن العالم مافيهوش غير الكام ألف ولا كام مليون اللي انت عملت عليهم حساباتك (الـ Training).
2- أن أعضاء الـ Sample دي تصرفهاتهم بتتكرر بحذافيرها.

الحقيقة أن الافتراضين مش حقيقيين بالمرة، الداتا اللي انت عملت Training عليها مش هي الكون كله، وحتى لو عملت الـ Training بتاعك على داتا لكل سكان كوكب الأرض فـ أنت بردو كل يوم بيتولدلك 360,000 طفل أنت ماتعرفش حاجة عن الـ Behavior بتاعهم.

ولا أعضاء الـ Sample نفسهم تصرفاتهم بتتكرر بحذافيرها، اللي كان نفسه في جبنة رومي في أول جمعة في مارس 2025 نفسه راحت لجبنة براميلي في أول جمعة في مارس 2026.

علشان كده إحنا مابنتوقعش الـ Certain Values، إحنا بنتوقع الـ Rhythm، شكل تصرفات الناس في المستقبل، اتجاهه، لكن مانقدرش نتوقع أبداً القيم الحقيقية، ده مش صح أصلاً، علشان كده لازم يكون في Residuals، ولازم يكون ليها Variance around the Model، ولازم الدقة ماتكونش 100%.",1664
7433918999484260352,مش عارف من غيرك كنت هجيب ثقتي في نفسي منين ياسطا والله,54
7434140417316507648,"الخوارزمي وابن رشد والـ Open Source Community

إمبارح كنت محتاج أعم Categorization لكلام مكتوب علشان أقدر أعمله One-hot encoding وأدرب عليه موديل بيتوقع إنتشار بوستات LinkedIn بناءً على محتواها.

الحل البدائي - ما قبل الـ NLP - أنك تقرأ كل بوست وتصنفه تحت Label معين وبعدين تشتغل.
الحل القمر - ما بعد الـ NLP - أنك تنزل موديل متدرب جاهز على تصنيف الـ Text من Hugging Face وتعمل Zero-Shot Classification.

Zero-shot classification is a machine learning technique where a model classifies data into categories it was not explicitly trained on, relying on pre-trained knowledge to match inputs with labels. 

حاجة كده زي الـ Clustering بس للـ Text.

بعد ما نزلت الموديل الجاهز الـ Open Source من Hugging Face افتكرت نقاش ليا مع صديق عن دورنا المحدود في مجتمعات الـ Open Source، بس هل ده حقيقي فعلاً؟

820 م: الخوارزمي نشر ""الكتاب المختصر في حساب الجبر والمقابلة""، اللي وضع حجر الأساس لعلم الجبر ومنهجية حل المعادلات.

825 م: نشر كتاب ""الجمع والتفريق بالحساب الهندي""، اللي عرف العالم بالنظام العشري والأرقام (0-9) اللي بنستخدمها دلوقتي.

1150 - 1180 م: إبن رشد كتب أهم شروحاته على فلسفة أرسطو وكان معروف في أوروبا بإسم ""الشارح الأكبر"".

1025: نشر كتاب القانون في الطب لابن سينا، ابن سينا كان هو الملك المتوج في كليات الطب الأوروبية، وكتابه ""القانون في الطب"" كان هو الإنجيل الطبي لأي طبيب،

القرن 13 م: بدأت ""الرشدية"" (Averroism) تنتشر في جامعات أوروبا (زي باريس وبادوفا)، وبقت الأساس اللي قام عليه الفكر العلمي الغربي.

1486 م: ترجمة ونشر كتاب الحاوي لفخر الدين الرازي اللي اتدرس لقرون في كليات الطب في أوروبا.

فـ لأ إحنا مش بس أسهمنا في مجتمع الـ Open Source، ده احنا اللي مأسسينه، الـ Algorithm اللي ورا كل موديل أو مكتبة Open Source متسمي على إسم الخوارزمي اللي عرف العالم أنك علشان تحل مشكلة كبيرة محتاج تقسمها لشوية مشاكل صغيرة وتحل كل واحدة لوحدها.

ودينياً حتى، إحنا ماعندناش حاجة اسمها ملكية فكرية:
""من سُئل عن علم فكتمه، ألجمه الله بلجام من نار يوم القيامة""، رواه أبو داوُد والترمذي

علومنا أسهمت في الحضارة الغربية زمان، وعلوم الغرب بتسهم حضارتنا دلوقتي، وبكره هنقف على رجلينا وهنسهم في حضارتهم تاني.

""إن قامت الساعة وبيد أحدكم فسيلة، فإن استطاع أن لا يقوم حتى يغرسها فليفعل""

دي عظمة العطاء، المادة بتنهار، بتروح، بتفنى، بس القيم والخير والمُثُل الأخلاقية بيكملو ليوم الدين.",2183
7434643790008672256,"قعدت كام سنة فاكر أن التأمين على الحياة حرام؟

أنا قعدت 25 سنة، إتربيت وكبرت على أن التأمين على الحياة معاندة للقدر وتدخل في سلطات ربنا وحاجة في منتهى الإلحاد، لحد ما في 2017 كنت شغال ساعتها في Saiver لقيت زميل ماسك ظرف وبيقول ""فلان زميلنا عنده ظرف ما فـ احنا بنجمع من بعض علشان نساعده"".

ما أدركتش لحظتها بردو، هي حاجة إنسانية جداً وتقليد عظيم بس بعدها بفترة ربطت.

في المنطق في حاجة اسمها تحرير المصطلحات وحاجة اسمها تحرير المفاهيم:
- تحرير المصطلحات: توضيح وتحديد معاني الألفاظ بدقة متناهية.
- تحرير المفاهيم: توضيح وتحديد فكرة مجردة أو تصور ذهني.

مشكلة التأمين على الحياة كانت في الاتنين، المصطلح نفسه غلط، والمفهوم اللي تم تحويره وشيطنته في ذهن الناس.

التأمين على الحياة مش تأمين على الحياة، هو مجرد نموذج تكافل إجتماعي واسع بياخد من الناس جزء من دخلهم في مقابل إعالة أهل أصحاب الوفاة المبكرة ومساعدتهم. ده مش تأمين على الحياة، مش تأمين ضد الموت، ده نفس الظرف اللي بيلف في كل شركة لما تحصل مصيبة لحد من زمايلهم علشان يساعدوه ويساعدو أهله.

تحرير المصطلحات والمفاهيم ده في الـ Data Science بنسميه الـ Features Terminologies، لازم كل عمود عندك في الداتا تبقى عارف كويس هو بيمثل إيه، كتير من الأوقات بتكون الأعمدة متسمية إعتباطاً أو حسب ما السوق بيقول أو حسب فهم اللي عامله، كتير من المصطلحات في الطب ليها معنى وفي الهندسة ليها معنى تاني وفي البيزنيس ليها معنى تالت.

كام أرملة كان ممكن يتم إعالتها وماتضطرش للشغل لو كنا اتربينا على مفهوم صحيح للتأمين على الحياة، كام طفل ماكانش ساب مدرسته بعد وفاة أبوه، كام ماكانتش اتشردت ولا اضطرت تبيع جسمها بعد ما اتيمت.

أوعى تبدأ تحليل بيانات قبل ما تفهم كل Feature/Column معناه إيه بالظبط، إسأل القسم المختص، دور كويس على Google واستعين بـ Gemini بس لازم تسأل الشخص الـ Technical اللي جمع الداتا نفسها أو ساهم في تجميعها هو كان يقصد إيه بإسم الـ Feature، حتى لو ببساطة الـ Price، الـ Price ده بعملة إيه؟ قبل الخصم ولا بعد الخصم؟ كان السعر ساعتها ولا السعر دلوقتي؟ ده سعر الجملة ولا القطاعي؟ كان في Offers ولا لأ؟

كل تفصيلة بتفرق
يا إما هتقعد 25 سنة فاهم غلط",1903
7434855171056144384,مع احترامي لنجيب سويرس اللي جواكو يعني بس انا عمري مابصيت عالـ Business Questions قبل ما أحلل الـ Data، أنا بمسك الداتا أعصرها واطلع كل الـ Insights اللي فيها سواء اتسأل عليها أو ماتسألش، مرة اتسألت 5 أسئلة جاوبت على 34، الـ 29 الفرق دول الراجل بتاع البيزنيس ماكانش يعرف عنهم حاجة من نضارته كـ بيزنيس، لكن أنت Data Guy شغلتك توريله اللي هو مش شايفه مش تطلعله اللي هو عايزه وتروح تنام عادي، أنت كده مافيدتوش في حاجة انت بتقوله اللي هو عارفه في شكل رسومات مش أكتر.,462
7435006199298904064,"عزيزي مواليد التسعينات، أنت مش مستهدف

الـ 100 سنة بس اللي قبل ما حضرتك تشرف حصل فيهم الآتي:

1889: وباء ""الإنفلونزا الروسية""، لفة سريعة كده حوالين العالم خلصت على حوالي مليون شخص.
1912: غرق تايتانيك، وفاة 1500 شخص.
1914 - 1918: الحرب العالمية الأولى، +20 مليون وفاة غير الإصابات التشوهات.
1918 - 1920: الإنفلونزا الإسبانية، قتلت من 50 لـ 100 مليون شخص.
1923: زلزال كانتو الكبير في اليابان، موت أكتر من 140 ألف شخص.
1929 - التلاتينات: الكساد الكبير، انهيار اقتصادي عالمي، بنوك فلست، بطالة في كل حتة، ملايين عاشوا في فقر وجوع بجد من غير أي أمل.
1931: فيضانات الصين، قضت على من مليون لـ 4 مليون شخص.
1939 - 1945: وفاة أكتر من 70 مليون بني آدم.
1945: هيروشيما وناجازاكي، مقتل أكتر من 200 ألف شخص في ثواني، غير اللي ماتو بالإشعاع بعدين.
1958 - 1962: راح ضحيتها من 15 لـ 55 مليون إنسان من الجوع.
1970: إعصار بولا في بنجلاديش، أسوأ إعصار متسجل في التاريخ، شال في سكته من 300 لـ 500 ألف شخص.
1986: تشيرنوبل.

فـ الفرق الوحيد بينك وبين الناس اللي عاشت قبل كده أنك ماسك موبايل وعندك سوشيال ميديا تقعد تقفرنا بيها وتقول أنا مظلوم أنا مظلوم حد يواسيني يا جماعة بليز الكوكب كله ضدي وضد عبقريتي ومهاراتي الغير المحدودة، لكن بالأرقام والمستندات، أنت من أكتر الأجيال المرفهة في التاريخ، وصدقني ماحدش مستهدفك، ماحدش عنده تار معاك، ماحدش مهتم بيك، ماحدش يعرفك أصلاً.

كرهتونا في السنة اللي اتولدنا فيها",1285
7435217731773399040,لو الـ 97 مليار دولار اللي اتصرفو عالـ Generative AI ماطلعوش غير الفيديو ده لكفو والله,86
7435367669677101056,"ليه بنستخدم Virtual Environments؟ وازاي هي أسهل مما تتخيل؟

أنا قعدت 3 سنين مش فارق معايا أعمل environment جديدة وكنت حاسس الموضوع ملعبك أصلاً يعني إيه بيئة افتراضية وهحتاجها في ايه ما انا بنزل كل الـ packages في الـ base environment وشغاله زي الفل، لحد ما جيت انزل TensorFlow.

أنزله بـ pip مش راضي انزله بـ anaconda مش راضي فدورت وبعدين اكتشفت أن TensorFlow 2 بيدعم لحد نسخة بايثون 3.12 وانا النسخة اللي عندي في الـ base environment 3.13 فكان قدامي حل من اتنين يا أشيل نسخة بايثون الأصلية اللي في الـ base environment يا إما أخترق المستحيل واعمل Virtual Environment.

دقيقتين بالظبط واكتشفت أنه مش مستحيل ولا حاجة، الموضوع 3 خطوات مفيش غيرهم
1- conda create -n environment_name pytohn=3.10
2- conda activate environment_name 
3- conda install numpy pandas tensorflow ...
- بتعمل اللي انت عايزه جوه البيئة القمر بتاعتك
- لو عايز تقفلها وتفتح بيئة تانية conda deactivate

بهذه البساطة والله

طيب ليه؟
زي ما قولتلك نسخة بايثون مش متوافقة مع نسخة package ما، نسخة package مش متوافقه مع نسخة package تانية، ثم الـ maintainability >>>

لما بنشتغل على بروجيكت ما ونكون بنستخدم فيه نسخة بايثون معينة ونسخ packages معينة، لما نعمله نعمله maintenance أو execution لازم نعمل ده بنفس الـ packages اللي هو اتعمل بيها، ليه؟ لأن الـ packages كل يوم بيحصل فيها update جديد، functions بتتلغي وfunctions بتتحط وfunctions بتتعدل.

يعني لو البروجيكت كنا عاملينه في 2022 واستخدمنا pandas 1.4 كنا هنبقى مستخدمين df_1.append(df_2)، لو جينا دلوقتي واحنا عاملين أبديت لـ pandas لأحدث نسخة pandas 3.0.1 وعملنا execution لنفس الكود هيطلعلك إيرور، مع أنه كان شغال ساعة ما اتعمل بس لا والله معلش ماعادش في الدالة دي بطلناها.

فعلشان كده جنب كل بروجيكت بنعمل requirements.txt file، ده بنسجل فيه كل النسخ اللي استخدمناها لكل الـ packages اللي استخدمناها في البروجيكت ده، فـ لما بنيجي نـ execute الكود ده بعدها بسنتين تلاتة بنعمل Virtual Environment وبننزل فيها الباكيدجات دي بالنسخ دي تحديداً، علشان لما نشغل الكود مايعطلش مننا.

كل بيئة افتراضية بتكون منعزلة تماماً عن اخواتها، دي شغاله بـ pandas 2.0 ودي شغاله بـ pandas 1.6، دي شغالة بـ python 2 ودي شغاله بـ python 3 وكله على نفس الجهاز.

يعني إيه بيئة افتراضية بقى أصلاً؟ يعني فولدر ياسطا بيتحط فيه النسخ اللي انت عايزها، كل بيئة ليها فولدر خاص بيها مش أكتر.

طيب ازاي استخدم anaconda من gitbash لأن الـ anaconda prompt بطيء وعقيم ومستفز وشكله وحش أصلاً؟

بعد ما تنزل anaconda وتضيفه للـ path بتفتح gitbash وبتكتب في الـ command line:
conda init bash

بس كده، كل ما هتفتح gitbash هيفتح الـ base environment بتاعت أناكوندا وهياخد ويدي معاك بأوامر أناكوندا + أوامر Linux القمر بتاعت gitbash عادي جداً.

بس",2528
7435999429188325377,"إزاي قرار وزاري واحد قدر يحط بذرة نقلة حقيقية وكبيرة وغير مسبوقة لبلد كاملة؟

في 2021 وقبل ما الـ AI يبقى على كل لسان كان في برنامج تابع لوزارة الاتصالات إسمهEgypt Forward أو egFWD بيقدم منحة مدفوعة كاملة لأكتر من تراك على منصة Udacity سواء في الـ Programming أو في الـ Data Analysis، تراك الـ Data Analysis كان 3 مستويات Fundamentals, Professional, Advanced بإجمالي 7 شهور، أنا فاكر ساعتها كنت حسبت التكلفة الفعلية كانت حوالي 45,000 جنيه، النهارده الـ 7 شهور دول على Udacity بـ 88,000 جنيه، البرنامج قدمهملنا ساعتها ببلاش.

عظمة egFWD أنها كانت على أهم منصة تعليم Data Science أونلاين في العالم وقتها، يوداسيتي كانت وحش مقارنةً بكل الكورسات اللي بتتقدم في أي حتة، وده اللي خلانا عندنا ""ثقة"" في اللي اتعلمناه لأول مرة في حياتنا، ما هو لما الإنستركتور بتاعتك تبقى Juno Lee الـ Data Scientist وخريجة Computer Science من University of Michigan ومعاها Juan Delgado بكالريوس فيزيا من University of Maryland وماجستير الفيزياء الفلكية من Leiden University وكان شغال Research Scientist في Nasa فـ أنت أكيد هتطلع واثق جداً في اللي اتعلمته وهتدخل الانترفيوهات حاطط رجل على رجل ومش فارق معاك إيه اللي بيتسأل لأنك مش بس عارف الإجابة، أنت أوقات كتير بيكون عندك إجابة أفضل من اللي في ذهن الـ Interviewer أصلاً، تعليم برا وجوه بقى هنعمل إيه.

لولا egFWD بعد ربنا ماكنتش حبيت الـ Data Science، وماكنتش اشتغلت في الـ Data Analysis، وماكنتش قدرت أستوعب 8 كورسات في الـ Data Science في 3 شهور بس واخد شهادات معتمدة من أهم جهات في العالم في الـ Online Education، كل ده بسبب منحة، بسبب قرار وزاري، بسبب إمضا.

النهارده ببقى طاير م الفرحة كل ما بشوف شهادة لحد من مبادرة رواد مصر الرقمية Digital Egypt Pioneers Initiative - DEPI اللي هي امتداد عظيم لـ egFWD وواثق جداً من جودة البرنامج وجودة الخريجين لأني كنت مكانهم قبل كده.

العالم كله عارف أن الـ Large Language Models خلاص أدت جزء كبير من مهمتها، شكراً، المكسب الحقيقي والفلوس الحقيقية في الـ Applications اللي هتتبني فوق الـ LLMs دي مش في الـ LLMs نفسها، دليل صغير كده صفقة Open-AI مع OpenClaw، سام ألتمان مش عارف يخرج Revenue عدل من الـ LLM في شات جي بي تي فراح للـ Agentic AI.

وهنا بيتيجي فرصتنا مش بس في اللحاق بالركب لكن كمان في المنافسة وبقوة جداً والله، سوق الـ AI المدعوم من مجتمعات الـ Open Source مش بس مابقاش حكر على الدول الغنية، ده بقى أنك تنزل موديل وتعمله Fine-Tuning أو تبني عليه AI Agent أسهل من أنك تنزل ويندوز، كل اللي محتاجه بس أنك تتعلم الأساسيات صح، وده الحمد لله موجود وببلاش في المبادرات دي.

فماتكسلش، وماتستعجلش، وماتستسهلش، سوق العمل في مصر اه لسه مافيهوش الفرص الكتير في الـ Data Science والـ AI دلوقتي ولا المرتبات بتاعت أمريكا وأوروبا، بس ده دلوقتي، صدقني خلال سنتين تلاتة بالكتير مش هنكون ملاحقين على شركات الـ Agentic AI اللي بتطلع ولا الخدمات اللي بتقدمها، أي محلل اقتصادي فاهم هيقولك ده، ساعتها اللي هشتغل على نفسه بس هو اللي هيكون Top-Tier Choice للشركات دي، وصدقني الملخصات والـ Crash Courses مش هتنفع، قدم DEPI واخواتها وروح أسس نفسك صح علشان اللي جاي مش بتاع MVP ولا APIs، اللي جاي شغل بجد، ولازم تكون مستعدله.",2880
7436453754679263233,"الـ Data Type هو أساس أي حاجة هتعملها سواء في الـ Data Analysis أو في الـ Data Science، هي اللي بتحدد هتستخدم أنهي Chart Type وانت بتحلل بياناتك وبتعرضها وهي اللي بتحدد نوع الـ Model اللي هتستخدمه والـ Techniques اللي هتتبعها في الـ Machine Learning.

ده الدرس التالت من سلسلة Data 101: أنواع البيانات وليه هي مهمة ومقدمة عن ازاي هنتعامل مع كل نوع منهم في الـ Data Analysis والـ Machine Learning (التعامل بالتفصيل هيكون في دروس بعد كده إن شاء الله).

لينك الـ Couse Notes بتاعت الدرس:
https://lnkd.in/gQ5AbwX9

 سلسلة Data 101 حيث يحاول اليوتيوبر (اللي هو أنا) شرح أساسيات تحليل البيانات (واللي هنبني عليها أساسيات علم البيانات بردو) باستخدام Structure أفضل المنصات المعتمدة دولياً في تدريس علوم البيانات في العالم (بجد والله)، أملاً منه في أن الشباب تفهم كويس تحليل بيانات وعلوم بيانات وAI ونبقى زينا زي الناس اللي برا مش مجرد بنطبق أدوات بدون فهم وبنطلع نتايج سطحية لا تسمن ولا تغني من جوع في زمن الـ Data فيه بقت أهم من البترول.

لينك الدرس الأول: What is Data? The Fuel of the AI Revolution
https://lnkd.in/gp7aSipB
وده لينك الـ Course Notes للدرس الأول:
https://lnkd.in/d-PHc-fu

لينك الدرس التاني: What are the Different Data Roles & Tasks
https://lnkd.in/gfS8nuws
وده لينك الـ Course Notes للدرس التاني:
https://lnkd.in/d-5W7Vtz

لينك البلايليست كلها عاليوتيوب:
https://lnkd.in/dCPpWd76

لينك الـ Course Notes للدروس كلها:
https://lnkd.in/dMWTJdxW

وطبعاً ماتنساش تعمل لايك وشير وسبسكرايب وتفعل زر الجرس وتحل الكويز وتقولنا رأيك في الكومنتات علشان ده الكلام اللي بيتقال في المواقف دي

بالتوفيق يا رب 🙏",1508
